SEASON,PLAYER_ID,FIRST_NAME,LAST_NAME,PLAYER_NAME,POSITION,HEIGHT_WO_SHOES,HEIGHT_WO_SHOES_FT_IN,HEIGHT_W_SHOES,HEIGHT_W_SHOES_FT_IN,WEIGHT,WINGSPAN,WINGSPAN_FT_IN,STANDING_REACH,STANDING_REACH_FT_IN,BODY_FAT_PCT,HAND_LENGTH,HAND_WIDTH,STANDING_VERTICAL_LEAP,MAX_VERTICAL_LEAP,LANE_AGILITY_TIME,MODIFIED_LANE_AGILITY_TIME,THREE_QUARTER_SPRINT,BENCH_PRESS,SPOT_FIFTEEN_CORNER_LEFT,SPOT_FIFTEEN_BREAK_LEFT,SPOT_FIFTEEN_TOP_KEY,SPOT_FIFTEEN_BREAK_RIGHT,SPOT_FIFTEEN_CORNER_RIGHT,SPOT_COLLEGE_CORNER_LEFT,SPOT_COLLEGE_BREAK_LEFT,SPOT_COLLEGE_TOP_KEY,SPOT_COLLEGE_BREAK_RIGHT,SPOT_COLLEGE_CORNER_RIGHT,SPOT_NBA_CORNER_LEFT,SPOT_NBA_BREAK_LEFT,SPOT_NBA_TOP_KEY,SPOT_NBA_BREAK_RIGHT,SPOT_NBA_CORNER_RIGHT,OFF_DRIB_FIFTEEN_BREAK_LEFT,OFF_DRIB_FIFTEEN_TOP_KEY,OFF_DRIB_FIFTEEN_BREAK_RIGHT,OFF_DRIB_COLLEGE_BREAK_LEFT,OFF_DRIB_COLLEGE_TOP_KEY,OFF_DRIB_COLLEGE_BREAK_RIGHT,ON_MOVE_FIFTEEN,ON_MOVE_COLLEGE,TEMP_PLAYER_ID.x,FIFTEEN_CORNER_LEFT_MADE,FIFTEEN_CORNER_LEFT_ATTEMPT,FIFTEEN_CORNER_LEFT_PCT,FIFTEEN_BREAK_LEFT_MADE,FIFTEEN_BREAK_LEFT_ATTEMPT,FIFTEEN_BREAK_LEFT_PCT,FIFTEEN_TOP_KEY_MADE,FIFTEEN_TOP_KEY_ATTEMPT,FIFTEEN_TOP_KEY_PCT,FIFTEEN_BREAK_RIGHT_MADE,FIFTEEN_BREAK_RIGHT_ATTEMPT,FIFTEEN_BREAK_RIGHT_PCT,FIFTEEN_CORNER_RIGHT_MADE,FIFTEEN_CORNER_RIGHT_ATTEMPT,FIFTEEN_CORNER_RIGHT_PCT,COLLEGE_CORNER_LEFT_MADE,COLLEGE_CORNER_LEFT_ATTEMPT,COLLEGE_CORNER_LEFT_PCT,COLLEGE_BREAK_LEFT_MADE,COLLEGE_BREAK_LEFT_ATTEMPT,COLLEGE_BREAK_LEFT_PCT,COLLEGE_TOP_KEY_MADE,COLLEGE_TOP_KEY_ATTEMPT,COLLEGE_TOP_KEY_PCT,COLLEGE_BREAK_RIGHT_MADE,COLLEGE_BREAK_RIGHT_ATTEMPT,COLLEGE_BREAK_RIGHT_PCT,COLLEGE_CORNER_RIGHT_MADE,COLLEGE_CORNER_RIGHT_ATTEMPT,COLLEGE_CORNER_RIGHT_PCT,NBA_CORNER_LEFT_MADE,NBA_CORNER_LEFT_ATTEMPT,NBA_CORNER_LEFT_PCT,NBA_BREAK_LEFT_MADE,NBA_BREAK_LEFT_ATTEMPT,NBA_BREAK_LEFT_PCT,NBA_TOP_KEY_MADE,NBA_TOP_KEY_ATTEMPT,NBA_TOP_KEY_PCT,NBA_BREAK_RIGHT_MADE,NBA_BREAK_RIGHT_ATTEMPT,NBA_BREAK_RIGHT_PCT,NBA_CORNER_RIGHT_MADE,NBA_CORNER_RIGHT_ATTEMPT,NBA_CORNER_RIGHT_PCT,TEMP_PLAYER_ID.y,OFF_DRIB_FIFTEEN_BREAK_LEFT_MADE,OFF_DRIB_FIFTEEN_BREAK_LEFT_ATTEMPT,OFF_DRIB_FIFTEEN_BREAK_LEFT_PCT,OFF_DRIB_FIFTEEN_TOP_KEY_MADE,OFF_DRIB_FIFTEEN_TOP_KEY_ATTEMPT,OFF_DRIB_FIFTEEN_TOP_KEY_PCT,OFF_DRIB_FIFTEEN_BREAK_RIGHT_MADE,OFF_DRIB_FIFTEEN_BREAK_RIGHT_ATTEMPT,OFF_DRIB_FIFTEEN_BREAK_RIGHT_PCT,OFF_DRIB_COLLEGE_BREAK_LEFT_MADE,OFF_DRIB_COLLEGE_BREAK_LEFT_ATTEMPT,OFF_DRIB_COLLEGE_BREAK_LEFT_PCT,OFF_DRIB_COLLEGE_TOP_KEY_MADE,OFF_DRIB_COLLEGE_TOP_KEY_ATTEMPT,OFF_DRIB_COLLEGE_TOP_KEY_PCT,OFF_DRIB_COLLEGE_BREAK_RIGHT_MADE,OFF_DRIB_COLLEGE_BREAK_RIGHT_ATTEMPT,OFF_DRIB_COLLEGE_BREAK_RIGHT_PCT,ON_MOVE_FIFTEEN_MADE,ON_MOVE_FIFTEEN_ATTEMPT,ON_MOVE_FIFTEEN_PCT,ON_MOVE_COLLEGE_MADE,ON_MOVE_COLLEGE_ATTEMPT,ON_MOVE_COLLEGE_PCT
2022,1630534,Ochai,Agbaji,Ochai Agbaji,SG,76.5,6' 4.50'',77.75,6' 5.75'',216.80,82.25,6' 10.25'',104,8' 8.00'',5.4,8.75,9.5,32,39,10.77,3.11,3.13,NA,NA,NA,NA,NA,NA,NA,NA,NA,NA,NA,NA,NA,NA,NA,NA,NA,NA,NA,NA,NA,NA,NA,NA,1630534,NA,NA,NA,NA,NA,NA,NA,NA,NA,NA,NA,NA,NA,NA,NA,NA,NA,NA,NA,NA,NA,NA,NA,NA,NA,NA,NA,NA,NA,NA,NA,NA,NA,NA,NA,NA,NA,NA,NA,NA,NA,NA,NA,NA,NA,1630534,NA,NA,NA,NA,NA,NA,NA,NA,NA,NA,NA,NA,NA,NA,NA,NA,NA,NA,NA,NA,NA,NA,NA,NA
2022,1631116,Patrick,Baldwin Jr.,Patrick Baldwin Jr.,SF,81.25,6' 9.25'',82.25,6' 10.25'',230.80,85.75,7' 1.75'',110.5,9' 2.50'',8.9,8.75,9.5,23.5,26.5,12.25,3.3,3.45,NA,NA,NA,NA,NA,NA,15-25,NA,NA,NA,NA,NA,NA,NA,NA,NA,NA,NA,NA,18-30,NA,NA,NA,12-25,1631116,NA,NA,NA,NA,NA,NA,NA,NA,NA,NA,NA,NA,NA,NA,NA,15,25,0.6,NA,NA,NA,NA,NA,NA,NA,NA,NA,NA,NA,NA,NA,NA,NA,NA,NA,NA,NA,NA,NA,NA,NA,NA,NA,NA,NA,1631116,NA,NA,NA,NA,NA,NA,NA,NA,NA,18,30,0.6,NA,NA,NA,NA,NA,NA,NA,NA,NA,12,25,0.48
2022,1631094,Paolo,Banchero,Paolo Banchero,PF,NA,NA,NA,NA,NA,NA,NA,NA,NA,NA,NA,NA,NA,NA,NA,NA,NA,NA,NA,NA,NA,NA,NA,NA,NA,NA,NA,NA,NA,NA,NA,NA,NA,NA,NA,NA,NA,NA,NA,NA,NA,1631094,NA,NA,NA,NA,NA,NA,NA,NA,NA,NA,NA,NA,NA,NA,NA,NA,NA,NA,NA,NA,NA,NA,NA,NA,NA,NA,NA,NA,NA,NA,NA,NA,NA,NA,NA,NA,NA,NA,NA,NA,NA,NA,NA,NA,NA,1631094,NA,NA,NA,NA,NA,NA,NA,NA,NA,NA,NA,NA,NA,NA,NA,NA,NA,NA,NA,NA,NA,NA,NA,NA
2022,1631230,Dominick,Barlow,Dominick Barlow,PF,80.75,6' 8.75'',81.75,6' 9.75'',221.00,87,7' 3.00'',108.5,9' 0.50'',5.9,9,10.5,28.5,34,11.29,3.19,3.33,NA,NA,NA,NA,NA,NA,14-25,NA,NA,NA,NA,NA,NA,NA,NA,NA,NA,NA,NA,18-30,NA,NA,NA,9-25,1631230,NA,NA,NA,NA,NA,NA,NA,NA,NA,NA,NA,NA,NA,NA,NA,14,25,0.56,NA,NA,NA,NA,NA,NA,NA,NA,NA,NA,NA,NA,NA,NA,NA,NA,NA,NA,NA,NA,NA,NA,NA,NA,NA,NA,NA,1631230,NA,NA,NA,NA,NA,NA,NA,NA,NA,18,30,0.6,NA,NA,NA,NA,NA,NA,NA,NA,NA,9,25,0.36
2022,1630699,MarJon,Beauchamp,MarJon Beauchamp,SG,77.25,6' 5.25'',78.5,6' 6.50'',196.60,84.75,7' 0.75'',106,8' 10.00'',5.3,9,9,NA,NA,NA,NA,NA,NA,NA,NA,NA,NA,NA,NA,NA,NA,NA,NA,NA,NA,NA,NA,NA,NA,NA,NA,NA,NA,NA,NA,NA,1630699,NA,NA,NA,NA,NA,NA,NA,NA,NA,NA,NA,NA,NA,NA,NA,NA,NA,NA,NA,NA,NA,NA,NA,NA,NA,NA,NA,NA,NA,NA,NA,NA,NA,NA,NA,NA,NA,NA,NA,NA,NA,NA,NA,NA,NA,1630699,NA,NA,NA,NA,NA,NA,NA,NA,NA,NA,NA,NA,NA,NA,NA,NA,NA,NA,NA,NA,NA,NA,NA,NA
2022,1630656,Hugo,Besson,Hugo Besson,SG,76.5,6' 4.50'',77.75,6' 5.75'',180.40,77.5,6' 5.50'',102,8' 6.00'',8.8,7.5,8.5,24.5,31.5,11.36,3.25,3.4,NA,NA,NA,NA,NA,NA,20-25,NA,NA,NA,NA,NA,NA,NA,NA,NA,NA,NA,NA,22-30,NA,NA,NA,14-25,1630656,NA,NA,NA,NA,NA,NA,NA,NA,NA,NA,NA,NA,NA,NA,NA,20,25,0.8,NA,NA,NA,NA,NA,NA,NA,NA,NA,NA,NA,NA,NA,NA,NA,NA,NA,NA,NA,NA,NA,NA,NA,NA,NA,NA,NA,1630656,NA,NA,NA,NA,NA,NA,NA,NA,NA,22,30,0.733,NA,NA,NA,NA,NA,NA,NA,NA,NA,14,25,0.56
2022,1631103,Malaki,Branham,Malaki Branham,SG,76,6' 4.00'',77.5,6' 5.50'',194.80,82,6' 10.00'',102.5,8' 6.50'',6.1,8.5,9.75,29,35,11.38,3.09,3.17,NA,NA,NA,NA,NA,NA,NA,NA,NA,NA,NA,NA,NA,NA,NA,NA,NA,NA,NA,NA,NA,NA,NA,NA,1631103,NA,NA,NA,NA,NA,NA,NA,NA,NA,NA,NA,NA,NA,NA,NA,NA,NA,NA,NA,NA,NA,NA,NA,NA,NA,NA,NA,NA,NA,NA,NA,NA,NA,NA,NA,NA,NA,NA,NA,NA,NA,NA,NA,NA,NA,1631103,NA,NA,NA,NA,NA,NA,NA,NA,NA,NA,NA,NA,NA,NA,NA,NA,NA,NA,NA,NA,NA,NA,NA,NA
2022,1631128,Christian,Braun,Christian Braun,SG,77.5,6' 5.50'',79,6' 7.00'',209.20,78.5,6' 6.50'',99.5,8' 3.50'',6.2,8,8.5,33.5,40,11,3.13,3.16,NA,NA,NA,NA,NA,NA,12-25,NA,NA,NA,NA,NA,NA,NA,NA,NA,NA,NA,NA,14-30,NA,NA,NA,12-25,1631128,NA,NA,NA,NA,NA,NA,NA,NA,NA,NA,NA,NA,NA,NA,NA,12,25,0.48,NA,NA,NA,NA,NA,NA,NA,NA,NA,NA,NA,NA,NA,NA,NA,NA,NA,NA,NA,NA,NA,NA,NA,NA,NA,NA,NA,1631128,NA,NA,NA,NA,NA,NA,NA,NA,NA,14,30,0.467,NA,NA,NA,NA,NA,NA,NA,NA,NA,12,25,0.48
2022,1631112,Kendall,Brown,Kendall Brown,SF,78.25,6' 6.25'',79.5,6' 7.50'',201.20,83,6' 11.00'',103,8' 7.00'',4.9,9,9,31.5,41,11.57,3.05,3.29,NA,NA,NA,NA,NA,NA,8-25,NA,NA,NA,NA,NA,NA,NA,NA,NA,NA,NA,NA,15-30,NA,NA,NA,18-25,1631112,NA,NA,NA,NA,NA,NA,NA,NA,NA,NA,NA,NA,NA,NA,NA,8,25,0.32,NA,NA,NA,NA,NA,NA,NA,NA,NA,NA,NA,NA,NA,NA,NA,NA,NA,NA,NA,NA,NA,NA,NA,NA,NA,NA,NA,1631112,NA,NA,NA,NA,NA,NA,NA,NA,NA,15,30,0.5,NA,NA,NA,NA,NA,NA,NA,NA,NA,18,25,0.72
2022,1631219,John,Butler Jr.,John Butler Jr.,PF,83.75,6' 11.75'',84.75,7' 0.75'',174.40,86.25,7' 2.25'',112,9' 4.00'',4.7,8.5,8.75,26.5,28.5,11.16,3.04,3.33,NA,NA,NA,NA,NA,NA,15-25,NA,NA,NA,NA,NA,NA,NA,NA,NA,NA,NA,NA,15-30,NA,NA,NA,15-25,1631219,NA,NA,NA,NA,NA,NA,NA,NA,NA,NA,NA,NA,NA,NA,NA,15,25,0.6,NA,NA,NA,NA,NA,NA,NA,NA,NA,NA,NA,NA,NA,NA,NA,NA,NA,NA,NA,NA,NA,NA,NA,NA,NA,NA,NA,1631219,NA,NA,NA,NA,NA,NA,NA,NA,NA,15,30,0.5,NA,NA,NA,NA,NA,NA,NA,NA,NA,15,25,0.6
2022,1630577,Julian,Champagnie,Julian Champagnie,SF,78.25,6' 6.25'',79.75,6' 7.75'',212.40,82,6' 10.00'',107,8' 11.00'',7.1,8.75,9.25,28.5,34.5,11.39,3.04,3.14,NA,NA,NA,NA,NA,NA,19-25,NA,NA,NA,NA,NA,NA,NA,NA,NA,NA,NA,NA,17-30,NA,NA,NA,16-25,1630577,NA,NA,NA,NA,NA,NA,NA,NA,NA,NA,NA,NA,NA,NA,NA,19,25,0.76,NA,NA,NA,NA,NA,NA,NA,NA,NA,NA,NA,NA,NA,NA,NA,NA,NA,NA,NA,NA,NA,NA,NA,NA,NA,NA,NA,1630577,NA,NA,NA,NA,NA,NA,NA,NA,NA,17,30,0.567,NA,NA,NA,NA,NA,NA,NA,NA,NA,16,25,0.64
2022,1631113,Kennedy,Chandler,Kennedy Chandler,PG,71.5,5' 11.50'',72.5,6' 0.50'',172.20,77.25,6' 5.25'',97,8' 1.00'',4.4,8.5,9.5,31,41.5,10.73,2.89,NA,NA,NA,NA,NA,NA,NA,NA,NA,NA,NA,NA,NA,NA,NA,NA,NA,NA,NA,NA,NA,NA,NA,NA,NA,1631113,NA,NA,NA,NA,NA,NA,NA,NA,NA,NA,NA,NA,NA,NA,NA,NA,NA,NA,NA,NA,NA,NA,NA,NA,NA,NA,NA,NA,NA,NA,NA,NA,NA,NA,NA,NA,NA,NA,NA,NA,NA,NA,NA,NA,NA,1631113,NA,NA,NA,NA,NA,NA,NA,NA,NA,NA,NA,NA,NA,NA,NA,NA,NA,NA,NA,NA,NA,NA,NA,NA
2022,1631108,Max,Christie,Max Christie,SG,76.25,6' 4.25'',77.75,6' 5.75'',189.20,80.75,6' 8.75'',102.5,8' 6.50'',4.8,8,8.5,32,37.5,10.82,3.02,3.07,NA,NA,NA,NA,NA,NA,16-25,NA,NA,NA,NA,NA,NA,NA,NA,NA,NA,NA,NA,18-30,NA,NA,NA,13-25,1631108,NA,NA,NA,NA,NA,NA,NA,NA,NA,NA,NA,NA,NA,NA,NA,16,25,0.64,NA,NA,NA,NA,NA,NA,NA,NA,NA,NA,NA,NA,NA,NA,NA,NA,NA,NA,NA,NA,NA,NA,NA,NA,NA,NA,NA,1631108,NA,NA,NA,NA,NA,NA,NA,NA,NA,18,30,0.6,NA,NA,NA,NA,NA,NA,NA,NA,NA,13,25,0.52
2022,1630594,Kofi,Cockburn,Kofi Cockburn,C,83,6' 11.00'',84,7' 0.00'',293.00,88.25,7' 4.25'',110.5,9' 2.50'',8.2,9.75,10.25,29.5,32.5,12.11,3.31,3.33,NA,NA,NA,NA,NA,NA,7-25,NA,NA,NA,NA,NA,NA,NA,NA,NA,NA,NA,NA,14-30,NA,NA,NA,NA,1630594,NA,NA,NA,NA,NA,NA,NA,NA,NA,NA,NA,NA,NA,NA,NA,7,25,0.28,NA,NA,NA,NA,NA,NA,NA,NA,NA,NA,NA,NA,NA,NA,NA,NA,NA,NA,NA,NA,NA,NA,NA,NA,NA,NA,NA,1630594,NA,NA,NA,NA,NA,NA,NA,NA,NA,14,30,0.467,NA,NA,NA,NA,NA,NA,NA,NA,NA,NA,NA,NA
2022,1630700,Dyson,Daniels,Dyson Daniels,SG,78,6' 6.00'',79.5,6' 7.50'',195.20,82.5,6' 10.50'',105,8' 9.00'',4.9,8.5,9.75,29,34,10.81,2.81,3.22,NA,NA,NA,NA,NA,NA,NA,NA,NA,NA,NA,NA,NA,NA,NA,NA,NA,NA,NA,NA,NA,NA,NA,NA,1630700,NA,NA,NA,NA,NA,NA,NA,NA,NA,NA,NA,NA,NA,NA,NA,NA,NA,NA,NA,NA,NA,NA,NA,NA,NA,NA,NA,NA,NA,NA,NA,NA,NA,NA,NA,NA,NA,NA,NA,NA,NA,NA,NA,NA,NA,1630700,NA,NA,NA,NA,NA,NA,NA,NA,NA,NA,NA,NA,NA,NA,NA,NA,NA,NA,NA,NA,NA,NA,NA,NA
2022,1631098,Johnny,Davis,Johnny Davis,PG,76.25,6' 4.25'',77.75,6' 5.75'',196.40,80.5,6' 8.50'',103.5,8' 7.50'',6.7,8.5,10.25,NA,NA,NA,NA,NA,NA,NA,NA,NA,NA,NA,NA,NA,NA,NA,NA,NA,NA,NA,NA,NA,NA,NA,NA,NA,NA,NA,NA,NA,1631098,NA,NA,NA,NA,NA,NA,NA,NA,NA,NA,NA,NA,NA,NA,NA,NA,NA,NA,NA,NA,NA,NA,NA,NA,NA,NA,NA,NA,NA,NA,NA,NA,NA,NA,NA,NA,NA,NA,NA,NA,NA,NA,NA,NA,NA,1631098,NA,NA,NA,NA,NA,NA,NA,NA,NA,NA,NA,NA,NA,NA,NA,NA,NA,NA,NA,NA,NA,NA,NA,NA
2022,1631120,JD,Davison,JD Davison,PG,72.5,6' 0.50'',74.5,6' 2.50'',191.80,78.5,6' 6.50'',99.5,8' 3.50'',7.8,8.5,9.5,30,37,11.38,3.23,3.26,NA,NA,NA,NA,NA,NA,NA,NA,NA,NA,NA,NA,NA,NA,NA,NA,NA,NA,NA,NA,NA,NA,NA,NA,1631120,NA,NA,NA,NA,NA,NA,NA,NA,NA,NA,NA,NA,NA,NA,NA,NA,NA,NA,NA,NA,NA,NA,NA,NA,NA,NA,NA,NA,NA,NA,NA,NA,NA,NA,NA,NA,NA,NA,NA,NA,NA,NA,NA,NA,NA,1631120,NA,NA,NA,NA,NA,NA,NA,NA,NA,NA,NA,NA,NA,NA,NA,NA,NA,NA,NA,NA,NA,NA,NA,NA
2022,1630620,Darius,Days,Darius Days,SF-PF,NA,NA,NA,NA,NA,NA,NA,NA,NA,NA,NA,NA,NA,NA,NA,NA,NA,NA,NA,NA,NA,NA,NA,NA,NA,NA,NA,NA,NA,NA,NA,NA,NA,NA,NA,NA,NA,NA,NA,NA,NA,1630620,NA,NA,NA,NA,NA,NA,NA,NA,NA,NA,NA,NA,NA,NA,NA,NA,NA,NA,NA,NA,NA,NA,NA,NA,NA,NA,NA,NA,NA,NA,NA,NA,NA,NA,NA,NA,NA,NA,NA,NA,NA,NA,NA,NA,NA,1630620,NA,NA,NA,NA,NA,NA,NA,NA,NA,NA,NA,NA,NA,NA,NA,NA,NA,NA,NA,NA,NA,NA,NA,NA
2022,1631217,Moussa,Diabate,Moussa Diabate,C,81.25,6' 9.25'',82.25,6' 10.25'',216.60,86.5,7' 2.50'',109.5,9' 1.50'',2.7,8.5,10.5,29,36.5,11.16,2.9,3.26,NA,NA,NA,NA,NA,NA,11-25,NA,NA,NA,NA,NA,NA,NA,NA,NA,NA,NA,NA,19-30,NA,NA,NA,NA,1631217,NA,NA,NA,NA,NA,NA,NA,NA,NA,NA,NA,NA,NA,NA,NA,11,25,0.44,NA,NA,NA,NA,NA,NA,NA,NA,NA,NA,NA,NA,NA,NA,NA,NA,NA,NA,NA,NA,NA,NA,NA,NA,NA,NA,NA,1631217,NA,NA,NA,NA,NA,NA,NA,NA,NA,19,30,0.633,NA,NA,NA,NA,NA,NA,NA,NA,NA,NA,NA,NA
2022,1631172,Ousmane,Dieng,Ousmane Dieng,SF,NA,NA,NA,NA,NA,NA,NA,NA,NA,NA,NA,NA,NA,NA,NA,NA,NA,NA,NA,NA,NA,NA,NA,NA,NA,NA,NA,NA,NA,NA,NA,NA,NA,NA,NA,NA,NA,NA,NA,NA,NA,1631172,NA,NA,NA,NA,NA,NA,NA,NA,NA,NA,NA,NA,NA,NA,NA,NA,NA,NA,NA,NA,NA,NA,NA,NA,NA,NA,NA,NA,NA,NA,NA,NA,NA,NA,NA,NA,NA,NA,NA,NA,NA,NA,NA,NA,NA,1631172,NA,NA,NA,NA,NA,NA,NA,NA,NA,NA,NA,NA,NA,NA,NA,NA,NA,NA,NA,NA,NA,NA,NA,NA
2022,1631215,Khalifa,Diop,Khalifa Diop,C,NA,NA,NA,NA,NA,NA,NA,NA,NA,NA,NA,NA,NA,NA,NA,NA,NA,NA,NA,NA,NA,NA,NA,NA,NA,NA,NA,NA,NA,NA,NA,NA,NA,NA,NA,NA,NA,NA,NA,NA,NA,1631215,NA,NA,NA,NA,NA,NA,NA,NA,NA,NA,NA,NA,NA,NA,NA,NA,NA,NA,NA,NA,NA,NA,NA,NA,NA,NA,NA,NA,NA,NA,NA,NA,NA,NA,NA,NA,NA,NA,NA,NA,NA,NA,NA,NA,NA,1631215,NA,NA,NA,NA,NA,NA,NA,NA,NA,NA,NA,NA,NA,NA,NA,NA,NA,NA,NA,NA,NA,NA,NA,NA
2022,1631105,Jalen,Duren,Jalen Duren,C,NA,NA,NA,NA,NA,NA,NA,NA,NA,NA,NA,NA,NA,NA,NA,NA,NA,NA,NA,NA,NA,NA,NA,NA,NA,NA,NA,NA,NA,NA,NA,NA,NA,NA,NA,NA,NA,NA,NA,NA,NA,1631105,NA,NA,NA,NA,NA,NA,NA,NA,NA,NA,NA,NA,NA,NA,NA,NA,NA,NA,NA,NA,NA,NA,NA,NA,NA,NA,NA,NA,NA,NA,NA,NA,NA,NA,NA,NA,NA,NA,NA,NA,NA,NA,NA,NA,NA,1631105,NA,NA,NA,NA,NA,NA,NA,NA,NA,NA,NA,NA,NA,NA,NA,NA,NA,NA,NA,NA,NA,NA,NA,NA
2022,1631106,Tari,Eason,Tari Eason,PF,78.75,6' 6.75'',80,6' 8.00'',217.40,86,7' 2.00'',107.5,8' 11.50'',5.9,9.25,11,NA,NA,NA,NA,NA,NA,NA,NA,NA,NA,NA,NA,NA,NA,NA,NA,NA,NA,NA,NA,NA,NA,NA,NA,NA,NA,NA,NA,NA,1631106,NA,NA,NA,NA,NA,NA,NA,NA,NA,NA,NA,NA,NA,NA,NA,NA,NA,NA,NA,NA,NA,NA,NA,NA,NA,NA,NA,NA,NA,NA,NA,NA,NA,NA,NA,NA,NA,NA,NA,NA,NA,NA,NA,NA,NA,1631106,NA,NA,NA,NA,NA,NA,NA,NA,NA,NA,NA,NA,NA,NA,NA,NA,NA,NA,NA,NA,NA,NA,NA,NA
2022,1631165,Keon,Ellis,Keon Ellis,SG,75.5,6' 3.50'',76.75,6' 4.75'',167.40,80.5,6' 8.50'',102,8' 6.00'',3.8,8,9.25,28,35.5,10.87,3.02,3.18,NA,NA,NA,NA,NA,NA,14-25,NA,NA,NA,NA,NA,NA,NA,NA,NA,NA,NA,NA,25-30,NA,NA,NA,15-25,1631165,NA,NA,NA,NA,NA,NA,NA,NA,NA,NA,NA,NA,NA,NA,NA,14,25,0.56,NA,NA,NA,NA,NA,NA,NA,NA,NA,NA,NA,NA,NA,NA,NA,NA,NA,NA,NA,NA,NA,NA,NA,NA,NA,NA,NA,1631165,NA,NA,NA,NA,NA,NA,NA,NA,NA,25,30,0.833,NA,NA,NA,NA,NA,NA,NA,NA,NA,15,25,0.6
2022,1630701,Michael,Foster Jr.,Michael Foster Jr.,C,79.75,6' 7.75'',81.25,6' 9.25'',236.60,84.25,7' 0.25'',109.5,9' 1.50'',6.2,8.75,10,28,32.5,11.49,3.1,3.22,NA,NA,NA,NA,NA,NA,15-25,NA,NA,NA,NA,NA,NA,NA,NA,NA,NA,NA,NA,20-30,NA,NA,NA,14-25,1630701,NA,NA,NA,NA,NA,NA,NA,NA,NA,NA,NA,NA,NA,NA,NA,15,25,0.6,NA,NA,NA,NA,NA,NA,NA,NA,NA,NA,NA,NA,NA,NA,NA,NA,NA,NA,NA,NA,NA,NA,NA,NA,NA,NA,NA,1630701,NA,NA,NA,NA,NA,NA,NA,NA,NA,20,30,0.667,NA,NA,NA,NA,NA,NA,NA,NA,NA,14,25,0.56
2022,1631221,Collin,Gillespie,Collin Gillespie,PG,73.5,6' 1.50'',74.75,6' 2.75'',195.80,76,6' 4.00'',98,8' 2.00'',8.6,8.25,9,26.5,33,10.95,3.01,3.21,NA,NA,NA,NA,NA,NA,18-25,NA,NA,NA,NA,NA,NA,NA,NA,NA,NA,NA,NA,23-30,NA,NA,NA,16-25,1631221,NA,NA,NA,NA,NA,NA,NA,NA,NA,NA,NA,NA,NA,NA,NA,18,25,0.72,NA,NA,NA,NA,NA,NA,NA,NA,NA,NA,NA,NA,NA,NA,NA,NA,NA,NA,NA,NA,NA,NA,NA,NA,NA,NA,NA,1631221,NA,NA,NA,NA,NA,NA,NA,NA,NA,23,30,0.767,NA,NA,NA,NA,NA,NA,NA,NA,NA,16,25,0.64
2022,1631100,AJ,Griffin,AJ Griffin,SF,NA,NA,NA,NA,NA,NA,NA,NA,NA,NA,NA,NA,NA,NA,NA,NA,NA,NA,NA,NA,NA,NA,NA,NA,NA,NA,NA,NA,NA,NA,NA,NA,NA,NA,NA,NA,NA,NA,NA,NA,NA,1631100,NA,NA,NA,NA,NA,NA,NA,NA,NA,NA,NA,NA,NA,NA,NA,NA,NA,NA,NA,NA,NA,NA,NA,NA,NA,NA,NA,NA,NA,NA,NA,NA,NA,NA,NA,NA,NA,NA,NA,NA,NA,NA,NA,NA,NA,1631100,NA,NA,NA,NA,NA,NA,NA,NA,NA,NA,NA,NA,NA,NA,NA,NA,NA,NA,NA,NA,NA,NA,NA,NA
2022,1630702,Jaden,Hardy,Jaden Hardy,SG,NA,NA,NA,NA,NA,NA,NA,NA,NA,NA,NA,NA,NA,NA,NA,NA,NA,NA,NA,NA,NA,NA,NA,NA,NA,NA,NA,NA,NA,NA,NA,NA,NA,NA,NA,NA,NA,NA,NA,NA,NA,1630702,NA,NA,NA,NA,NA,NA,NA,NA,NA,NA,NA,NA,NA,NA,NA,NA,NA,NA,NA,NA,NA,NA,NA,NA,NA,NA,NA,NA,NA,NA,NA,NA,NA,NA,NA,NA,NA,NA,NA,NA,NA,NA,NA,NA,NA,1630702,NA,NA,NA,NA,NA,NA,NA,NA,NA,NA,NA,NA,NA,NA,NA,NA,NA,NA,NA,NA,NA,NA,NA,NA
2022,1631199,Ron,Harper Jr.,Ron Harper Jr.,SF,76,6' 4.00'',77.5,6' 5.50'',240.40,85.25,7' 1.25'',105.5,8' 9.50'',14.3,9.5,10,26,30.5,11.41,3.24,3.4,NA,NA,NA,NA,NA,NA,17-25,NA,NA,NA,NA,NA,NA,NA,NA,NA,NA,NA,NA,22-30,NA,NA,NA,15-25,1631199,NA,NA,NA,NA,NA,NA,NA,NA,NA,NA,NA,NA,NA,NA,NA,17,25,0.68,NA,NA,NA,NA,NA,NA,NA,NA,NA,NA,NA,NA,NA,NA,NA,NA,NA,NA,NA,NA,NA,NA,NA,NA,NA,NA,NA,1631199,NA,NA,NA,NA,NA,NA,NA,NA,NA,22,30,0.733,NA,NA,NA,NA,NA,NA,NA,NA,NA,15,25,0.6
2022,1631096,Chet,Holmgren,Chet Holmgren,PF,NA,NA,NA,NA,NA,NA,NA,NA,NA,NA,NA,NA,NA,NA,NA,NA,NA,NA,NA,NA,NA,NA,NA,NA,NA,NA,NA,NA,NA,NA,NA,NA,NA,NA,NA,NA,NA,NA,NA,NA,NA,1631096,NA,NA,NA,NA,NA,NA,NA,NA,NA,NA,NA,NA,NA,NA,NA,NA,NA,NA,NA,NA,NA,NA,NA,NA,NA,NA,NA,NA,NA,NA,NA,NA,NA,NA,NA,NA,NA,NA,NA,NA,NA,NA,NA,NA,NA,1631096,NA,NA,NA,NA,NA,NA,NA,NA,NA,NA,NA,NA,NA,NA,NA,NA,NA,NA,NA,NA,NA,NA,NA,NA
2022,1631127,Harrison,Ingram,Harrison Ingram,SF,77.25,6' 5.25'',79,6' 7.00'',232.80,84.25,7' 0.25'',103.5,8' 7.50'',8.3,9,10,29.5,35,11.83,3.26,3.31,NA,NA,NA,NA,NA,NA,12-25,NA,NA,NA,NA,NA,NA,NA,NA,NA,NA,NA,NA,15-30,NA,NA,NA,13-25,1631127,NA,NA,NA,NA,NA,NA,NA,NA,NA,NA,NA,NA,NA,NA,NA,12,25,0.48,NA,NA,NA,NA,NA,NA,NA,NA,NA,NA,NA,NA,NA,NA,NA,NA,NA,NA,NA,NA,NA,NA,NA,NA,NA,NA,NA,1631127,NA,NA,NA,NA,NA,NA,NA,NA,NA,15,30,0.5,NA,NA,NA,NA,NA,NA,NA,NA,NA,13,25,0.52
2022,1631093,Jaden,Ivey,Jaden Ivey,PG,NA,NA,NA,NA,NA,NA,NA,NA,NA,NA,NA,NA,NA,NA,NA,NA,NA,NA,NA,NA,NA,NA,NA,NA,NA,NA,NA,NA,NA,NA,NA,NA,NA,NA,NA,NA,NA,NA,NA,NA,NA,1631093,NA,NA,NA,NA,NA,NA,NA,NA,NA,NA,NA,NA,NA,NA,NA,NA,NA,NA,NA,NA,NA,NA,NA,NA,NA,NA,NA,NA,NA,NA,NA,NA,NA,NA,NA,NA,NA,NA,NA,NA,NA,NA,NA,NA,NA,1631093,NA,NA,NA,NA,NA,NA,NA,NA,NA,NA,NA,NA,NA,NA,NA,NA,NA,NA,NA,NA,NA,NA,NA,NA
2022,1631218,Trayce,Jackson-Davis,Trayce Jackson-Davis,C,NA,NA,NA,NA,NA,NA,NA,NA,NA,NA,NA,NA,NA,NA,NA,NA,NA,NA,NA,NA,NA,NA,NA,NA,NA,NA,NA,NA,NA,NA,NA,NA,NA,NA,NA,NA,NA,NA,NA,NA,NA,1631218,NA,NA,NA,NA,NA,NA,NA,NA,NA,NA,NA,NA,NA,NA,NA,NA,NA,NA,NA,NA,NA,NA,NA,NA,NA,NA,NA,NA,NA,NA,NA,NA,NA,NA,NA,NA,NA,NA,NA,NA,NA,NA,NA,NA,NA,1631218,NA,NA,NA,NA,NA,NA,NA,NA,NA,NA,NA,NA,NA,NA,NA,NA,NA,NA,NA,NA,NA,NA,NA,NA
2022,1631107,Nikola,Jovic,Nikola Jovic,SF,81.5,6' 9.50'',83,6' 11.00'',222.60,84.25,7' 0.25'',108.5,9' 0.50'',7.4,8.75,9.75,NA,NA,NA,NA,NA,NA,NA,NA,NA,NA,NA,NA,NA,NA,NA,NA,NA,NA,NA,NA,NA,NA,NA,NA,NA,NA,NA,NA,NA,1631107,NA,NA,NA,NA,NA,NA,NA,NA,NA,NA,NA,NA,NA,NA,NA,NA,NA,NA,NA,NA,NA,NA,NA,NA,NA,NA,NA,NA,NA,NA,NA,NA,NA,NA,NA,NA,NA,NA,NA,NA,NA,NA,NA,NA,NA,1631107,NA,NA,NA,NA,NA,NA,NA,NA,NA,NA,NA,NA,NA,NA,NA,NA,NA,NA,NA,NA,NA,NA,NA,NA
2022,1630548,Johnny,Juzang,Johnny Juzang,SG,77.25,6' 5.25'',78.5,6' 6.50'',208.60,83,6' 11.00'',102.5,8' 6.50'',7.5,8.5,9.5,27.5,32.5,11.03,3.17,3.29,NA,NA,NA,NA,NA,NA,NA,NA,NA,NA,NA,NA,NA,NA,NA,NA,NA,NA,NA,NA,NA,NA,NA,NA,1630548,NA,NA,NA,NA,NA,NA,NA,NA,NA,NA,NA,NA,NA,NA,NA,NA,NA,NA,NA,NA,NA,NA,NA,NA,NA,NA,NA,NA,NA,NA,NA,NA,NA,NA,NA,NA,NA,NA,NA,NA,NA,NA,NA,NA,NA,1630548,NA,NA,NA,NA,NA,NA,NA,NA,NA,NA,NA,NA,NA,NA,NA,NA,NA,NA,NA,NA,NA,NA,NA,NA
2022,1631130,Ismael,Kamagate,Ismael Kamagate,PF,NA,NA,NA,NA,NA,NA,NA,NA,NA,NA,NA,NA,NA,NA,NA,NA,NA,NA,NA,NA,NA,NA,NA,NA,NA,NA,NA,NA,NA,NA,NA,NA,NA,NA,NA,NA,NA,NA,NA,NA,NA,1631130,NA,NA,NA,NA,NA,NA,NA,NA,NA,NA,NA,NA,NA,NA,NA,NA,NA,NA,NA,NA,NA,NA,NA,NA,NA,NA,NA,NA,NA,NA,NA,NA,NA,NA,NA,NA,NA,NA,NA,NA,NA,NA,NA,NA,NA,1631130,NA,NA,NA,NA,NA,NA,NA,NA,NA,NA,NA,NA,NA,NA,NA,NA,NA,NA,NA,NA,NA,NA,NA,NA
2022,1631211,Trevor,Keels,Trevor Keels,SG,75.25,6' 3.25'',76.75,6' 4.75'',223.80,79.25,6' 7.25'',101,8' 5.00'',13.5,8.25,9,24.5,31,11.33,3.32,3.27,NA,NA,NA,NA,NA,NA,NA,NA,NA,NA,NA,NA,NA,NA,NA,NA,NA,NA,NA,NA,NA,NA,NA,NA,1631211,NA,NA,NA,NA,NA,NA,NA,NA,NA,NA,NA,NA,NA,NA,NA,NA,NA,NA,NA,NA,NA,NA,NA,NA,NA,NA,NA,NA,NA,NA,NA,NA,NA,NA,NA,NA,NA,NA,NA,NA,NA,NA,NA,NA,NA,1631211,NA,NA,NA,NA,NA,NA,NA,NA,NA,NA,NA,NA,NA,NA,NA,NA,NA,NA,NA,NA,NA,NA,NA,NA
2022,1631117,Walker,Kessler,Walker Kessler,C,84.25,7' 0.25'',85,7' 1.00'',256.00,88.25,7' 4.25'',113,9' 5.00'',14.7,8.5,8.5,NA,NA,NA,NA,NA,NA,NA,NA,NA,NA,NA,NA,NA,NA,NA,NA,NA,NA,NA,NA,NA,NA,NA,NA,NA,NA,NA,NA,NA,1631117,NA,NA,NA,NA,NA,NA,NA,NA,NA,NA,NA,NA,NA,NA,NA,NA,NA,NA,NA,NA,NA,NA,NA,NA,NA,NA,NA,NA,NA,NA,NA,NA,NA,NA,NA,NA,NA,NA,NA,NA,NA,NA,NA,NA,NA,1631117,NA,NA,NA,NA,NA,NA,NA,NA,NA,NA,NA,NA,NA,NA,NA,NA,NA,NA,NA,NA,NA,NA,NA,NA
2022,1631132,Christian,Koloko,Christian Koloko,C,82.75,6' 10.75'',84,7' 0.00'',221.00,89.25,7' 5.25'',113,9' 5.00'',5.7,9,10.75,28,33.5,11.3,3.19,3.27,NA,NA,NA,NA,NA,NA,9-25,NA,NA,NA,NA,NA,NA,NA,NA,NA,NA,NA,NA,15-30,NA,NA,NA,16-25,1631132,NA,NA,NA,NA,NA,NA,NA,NA,NA,NA,NA,NA,NA,NA,NA,9,25,0.36,NA,NA,NA,NA,NA,NA,NA,NA,NA,NA,NA,NA,NA,NA,NA,NA,NA,NA,NA,NA,NA,NA,NA,NA,NA,NA,NA,1631132,NA,NA,NA,NA,NA,NA,NA,NA,NA,15,30,0.5,NA,NA,NA,NA,NA,NA,NA,NA,NA,16,25,0.64
2022,1631222,Jake,LaRavia,Jake LaRavia,PF,78.75,6' 6.75'',80,6' 8.00'',227.20,81.5,6' 9.50'',104,8' 8.00'',9,8.5,10.25,27.5,34,10.58,2.89,3.37,NA,NA,NA,NA,NA,NA,14-25,NA,NA,NA,NA,NA,NA,NA,NA,NA,NA,NA,NA,21-30,NA,NA,NA,17-25,1631222,NA,NA,NA,NA,NA,NA,NA,NA,NA,NA,NA,NA,NA,NA,NA,14,25,0.56,NA,NA,NA,NA,NA,NA,NA,NA,NA,NA,NA,NA,NA,NA,NA,NA,NA,NA,NA,NA,NA,NA,NA,NA,NA,NA,NA,1631222,NA,NA,NA,NA,NA,NA,NA,NA,NA,21,30,0.7,NA,NA,NA,NA,NA,NA,NA,NA,NA,17,25,0.68
2022,1631171,Justin,Lewis,Justin Lewis,PF,78.25,6' 6.25'',79.5,6' 7.50'',235.40,86.5,7' 2.50'',105.5,8' 9.50'',7.3,9,10.5,32.5,35,11.49,3.02,3.23,NA,NA,NA,NA,NA,NA,19-25,NA,NA,NA,NA,NA,NA,NA,NA,NA,NA,NA,NA,17-30,NA,NA,NA,9-25,1631171,NA,NA,NA,NA,NA,NA,NA,NA,NA,NA,NA,NA,NA,NA,NA,19,25,0.76,NA,NA,NA,NA,NA,NA,NA,NA,NA,NA,NA,NA,NA,NA,NA,NA,NA,NA,NA,NA,NA,NA,NA,NA,NA,NA,NA,1631171,NA,NA,NA,NA,NA,NA,NA,NA,NA,17,30,0.567,NA,NA,NA,NA,NA,NA,NA,NA,NA,9,25,0.36
2022,1630604,E.J.,Liddell,E.J. Liddell,PF,77.5,6' 5.50'',79,6' 7.00'',243.00,83.75,6' 11.75'',103.5,8' 7.50'',12.2,8.25,9.25,35.5,38,11.11,3.23,3.26,NA,NA,NA,NA,NA,NA,NA,NA,NA,NA,NA,NA,NA,NA,NA,NA,NA,NA,NA,NA,NA,NA,NA,NA,1630604,NA,NA,NA,NA,NA,NA,NA,NA,NA,NA,NA,NA,NA,NA,NA,NA,NA,NA,NA,NA,NA,NA,NA,NA,NA,NA,NA,NA,NA,NA,NA,NA,NA,NA,NA,NA,NA,NA,NA,NA,NA,NA,NA,NA,NA,1630604,NA,NA,NA,NA,NA,NA,NA,NA,NA,NA,NA,NA,NA,NA,NA,NA,NA,NA,NA,NA,NA,NA,NA,NA
2022,1631254,Kenneth,Lofton Jr.,Kenneth Lofton Jr.,PF-C,NA,NA,NA,NA,NA,NA,NA,NA,NA,NA,NA,NA,NA,NA,NA,NA,NA,NA,NA,NA,NA,NA,NA,NA,NA,NA,NA,NA,NA,NA,NA,NA,NA,NA,NA,NA,NA,NA,NA,NA,NA,1631254,NA,NA,NA,NA,NA,NA,NA,NA,NA,NA,NA,NA,NA,NA,NA,NA,NA,NA,NA,NA,NA,NA,NA,NA,NA,NA,NA,NA,NA,NA,NA,NA,NA,NA,NA,NA,NA,NA,NA,NA,NA,NA,NA,NA,NA,1631254,NA,NA,NA,NA,NA,NA,NA,NA,NA,NA,NA,NA,NA,NA,NA,NA,NA,NA,NA,NA,NA,NA,NA,NA
2022,1631213,Tyrese,Martin,Tyrese Martin,SG-SF,NA,NA,NA,NA,NA,NA,NA,NA,NA,NA,NA,NA,NA,NA,NA,NA,NA,NA,NA,NA,NA,NA,NA,NA,NA,NA,NA,NA,NA,NA,NA,NA,NA,NA,NA,NA,NA,NA,NA,NA,NA,1631213,NA,NA,NA,NA,NA,NA,NA,NA,NA,NA,NA,NA,NA,NA,NA,NA,NA,NA,NA,NA,NA,NA,NA,NA,NA,NA,NA,NA,NA,NA,NA,NA,NA,NA,NA,NA,NA,NA,NA,NA,NA,NA,NA,NA,NA,1631213,NA,NA,NA,NA,NA,NA,NA,NA,NA,NA,NA,NA,NA,NA,NA,NA,NA,NA,NA,NA,NA,NA,NA,NA
2022,1631097,Bennedict,Mathurin,Bennedict Mathurin,SG,76.5,6' 4.50'',78,6' 6.00'',204.60,81,6' 9.00'',104,8' 8.00'',5.7,8.5,9.75,NA,NA,NA,NA,NA,NA,NA,NA,NA,NA,NA,NA,NA,NA,NA,NA,NA,NA,NA,NA,NA,NA,NA,NA,NA,NA,NA,NA,NA,1631097,NA,NA,NA,NA,NA,NA,NA,NA,NA,NA,NA,NA,NA,NA,NA,NA,NA,NA,NA,NA,NA,NA,NA,NA,NA,NA,NA,NA,NA,NA,NA,NA,NA,NA,NA,NA,NA,NA,NA,NA,NA,NA,NA,NA,NA,1631097,NA,NA,NA,NA,NA,NA,NA,NA,NA,NA,NA,NA,NA,NA,NA,NA,NA,NA,NA,NA,NA,NA,NA,NA
2022,1630571,Matthew,Mayer,Matthew Mayer,SF,80,6' 8.00'',81.25,6' 9.25'',216.40,82.5,6' 10.50'',105,8' 9.00'',11.1,9,10.25,25.5,31.5,10.74,NA,3.39,NA,NA,NA,NA,NA,NA,NA,NA,NA,NA,NA,NA,NA,NA,NA,NA,NA,NA,NA,NA,NA,NA,NA,NA,1630571,NA,NA,NA,NA,NA,NA,NA,NA,NA,NA,NA,NA,NA,NA,NA,NA,NA,NA,NA,NA,NA,NA,NA,NA,NA,NA,NA,NA,NA,NA,NA,NA,NA,NA,NA,NA,NA,NA,NA,NA,NA,NA,NA,NA,NA,1630571,NA,NA,NA,NA,NA,NA,NA,NA,NA,NA,NA,NA,NA,NA,NA,NA,NA,NA,NA,NA,NA,NA,NA,NA
2022,1631121,Bryce,McGowens,Bryce McGowens,SG,77.25,6' 5.25'',78.5,6' 6.50'',181.20,80.75,6' 8.75'',103.5,8' 7.50'',5.4,8.75,9.5,29.5,34,11.12,3.16,3.27,NA,NA,NA,NA,NA,NA,11-25,NA,NA,NA,NA,NA,NA,NA,NA,NA,NA,NA,NA,18-30,NA,NA,NA,13-25,1631121,NA,NA,NA,NA,NA,NA,NA,NA,NA,NA,NA,NA,NA,NA,NA,11,25,0.44,NA,NA,NA,NA,NA,NA,NA,NA,NA,NA,NA,NA,NA,NA,NA,NA,NA,NA,NA,NA,NA,NA,NA,NA,NA,NA,NA,1631121,NA,NA,NA,NA,NA,NA,NA,NA,NA,18,30,0.6,NA,NA,NA,NA,NA,NA,NA,NA,NA,13,25,0.52
2022,1631159,Leonard,Miller,Leonard Miller,SF,80.5,6' 8.50'',82,6' 10.00'',211.00,86,7' 2.00'',106.5,8' 10.50'',5.7,9.25,10.5,30,36.5,11.11,3.02,3.36,NA,NA,NA,NA,NA,NA,10-25,NA,NA,NA,NA,NA,NA,NA,NA,NA,NA,NA,NA,15-30,NA,NA,NA,NA,1631159,NA,NA,NA,NA,NA,NA,NA,NA,NA,NA,NA,NA,NA,NA,NA,10,25,0.4,NA,NA,NA,NA,NA,NA,NA,NA,NA,NA,NA,NA,NA,NA,NA,NA,NA,NA,NA,NA,NA,NA,NA,NA,NA,NA,NA,1631159,NA,NA,NA,NA,NA,NA,NA,NA,NA,15,30,0.5,NA,NA,NA,NA,NA,NA,NA,NA,NA,NA,NA,NA
2022,1631125,Josh,Minnott,Josh Minnott,PF,NA,NA,NA,NA,NA,NA,NA,NA,NA,NA,NA,NA,NA,NA,NA,NA,NA,NA,NA,NA,NA,NA,NA,NA,NA,NA,NA,NA,NA,NA,NA,NA,NA,NA,NA,NA,NA,NA,NA,NA,NA,1631125,NA,NA,NA,NA,NA,NA,NA,NA,NA,NA,NA,NA,NA,NA,NA,NA,NA,NA,NA,NA,NA,NA,NA,NA,NA,NA,NA,NA,NA,NA,NA,NA,NA,NA,NA,NA,NA,NA,NA,NA,NA,NA,NA,NA,NA,1631125,NA,NA,NA,NA,NA,NA,NA,NA,NA,NA,NA,NA,NA,NA,NA,NA,NA,NA,NA,NA,NA,NA,NA,NA
2022,1631198,Aminu,Mohammed,Aminu Mohammed,SG-SF,75.5,6' 3.50'',77,6' 5.00'',212.80,83,6' 11.00'',104,8' 8.00'',5.1,8.75,9.5,29.5,36,11.54,3.04,3.33,NA,NA,NA,NA,NA,NA,15-25,NA,NA,NA,NA,NA,NA,NA,NA,NA,NA,NA,NA,23-30,NA,NA,NA,11-25,1631198,NA,NA,NA,NA,NA,NA,NA,NA,NA,NA,NA,NA,NA,NA,NA,15,25,0.6,NA,NA,NA,NA,NA,NA,NA,NA,NA,NA,NA,NA,NA,NA,NA,NA,NA,NA,NA,NA,NA,NA,NA,NA,NA,NA,NA,1631198,NA,NA,NA,NA,NA,NA,NA,NA,NA,23,30,0.767,NA,NA,NA,NA,NA,NA,NA,NA,NA,11,25,0.44
2022,1631129,Iverson,Molinar,Iverson Molinar,PG,74.25,6' 2.25'',75.25,6' 3.25'',183.20,80,6' 8.00'',101,8' 5.00'',4.8,8.5,9.5,31,38,11.23,3.1,3.19,NA,NA,NA,NA,NA,NA,12-25,NA,NA,NA,NA,NA,NA,NA,NA,NA,NA,NA,NA,20-30,NA,NA,NA,10-25,1631129,NA,NA,NA,NA,NA,NA,NA,NA,NA,NA,NA,NA,NA,NA,NA,12,25,0.48,NA,NA,NA,NA,NA,NA,NA,NA,NA,NA,NA,NA,NA,NA,NA,NA,NA,NA,NA,NA,NA,NA,NA,NA,NA,NA,NA,1631129,NA,NA,NA,NA,NA,NA,NA,NA,NA,20,30,0.667,NA,NA,NA,NA,NA,NA,NA,NA,NA,10,25,0.4
2022,1631168,Jean,Montero,Jean Montero,PG,73,6' 1.00'',74.25,6' 2.25'',171.80,77.25,6' 5.25'',98.5,8' 2.50'',7.4,8,8.75,29.5,37,11.19,3.17,3.17,NA,NA,NA,NA,NA,NA,16-25,NA,NA,NA,NA,NA,NA,NA,NA,NA,NA,NA,NA,21-30,NA,NA,NA,15-25,1631168,NA,NA,NA,NA,NA,NA,NA,NA,NA,NA,NA,NA,NA,NA,NA,16,25,0.64,NA,NA,NA,NA,NA,NA,NA,NA,NA,NA,NA,NA,NA,NA,NA,NA,NA,NA,NA,NA,NA,NA,NA,NA,NA,NA,NA,1631168,NA,NA,NA,NA,NA,NA,NA,NA,NA,21,30,0.7,NA,NA,NA,NA,NA,NA,NA,NA,NA,15,25,0.6
2022,1631111,Wendell,Moore,Wendell Moore,SG,76.25,6' 4.25'',77.5,6' 5.50'',217.20,84.5,7' 0.50'',101,8' 5.00'',7.5,8.75,10.25,32.5,38.5,10.94,3.21,3.3,NA,NA,NA,NA,NA,NA,NA,NA,NA,NA,NA,NA,NA,NA,NA,NA,NA,NA,NA,NA,NA,NA,NA,NA,1631111,NA,NA,NA,NA,NA,NA,NA,NA,NA,NA,NA,NA,NA,NA,NA,NA,NA,NA,NA,NA,NA,NA,NA,NA,NA,NA,NA,NA,NA,NA,NA,NA,NA,NA,NA,NA,NA,NA,NA,NA,NA,NA,NA,NA,NA,1631111,NA,NA,NA,NA,NA,NA,NA,NA,NA,NA,NA,NA,NA,NA,NA,NA,NA,NA,NA,NA,NA,NA,NA,NA
2022,1631099,Keegan,Murray,Keegan Murray,PF,NA,NA,NA,NA,NA,NA,NA,NA,NA,NA,NA,NA,NA,NA,NA,NA,NA,NA,NA,NA,NA,NA,NA,NA,NA,NA,NA,NA,NA,NA,NA,NA,NA,NA,NA,NA,NA,NA,NA,NA,NA,1631099,NA,NA,NA,NA,NA,NA,NA,NA,NA,NA,NA,NA,NA,NA,NA,NA,NA,NA,NA,NA,NA,NA,NA,NA,NA,NA,NA,NA,NA,NA,NA,NA,NA,NA,NA,NA,NA,NA,NA,NA,NA,NA,NA,NA,NA,1631099,NA,NA,NA,NA,NA,NA,NA,NA,NA,NA,NA,NA,NA,NA,NA,NA,NA,NA,NA,NA,NA,NA,NA,NA
2022,1629614,Andrew,Nembhard,Andrew Nembhard,PG,75,6' 3.00'',76.5,6' 4.50'',195.60,77.75,6' 5.75'',99,8' 3.00'',4.4,8,9.5,26.5,35,10.46,3.02,3.26,NA,NA,NA,NA,NA,NA,NA,NA,NA,NA,NA,NA,NA,NA,NA,NA,NA,NA,NA,NA,NA,NA,NA,NA,1629614,NA,NA,NA,NA,NA,NA,NA,NA,NA,NA,NA,NA,NA,NA,NA,NA,NA,NA,NA,NA,NA,NA,NA,NA,NA,NA,NA,NA,NA,NA,NA,NA,NA,NA,NA,NA,NA,NA,NA,NA,NA,NA,NA,NA,NA,1629614,NA,NA,NA,NA,NA,NA,NA,NA,NA,NA,NA,NA,NA,NA,NA,NA,NA,NA,NA,NA,NA,NA,NA,NA
2022,1630590,Scotty,Pippen Jr.,Scotty Pippen Jr.,PG,72,6' 0.00'',73.5,6' 1.50'',180.00,77.75,6' 5.75'',95.5,7' 11.50'',5.3,7.75,9,30.5,37.5,11.07,3.1,3.21,NA,NA,NA,NA,NA,NA,8-25,NA,NA,NA,NA,NA,NA,NA,NA,NA,NA,NA,NA,19-30,NA,NA,NA,14-25,1630590,NA,NA,NA,NA,NA,NA,NA,NA,NA,NA,NA,NA,NA,NA,NA,8,25,0.32,NA,NA,NA,NA,NA,NA,NA,NA,NA,NA,NA,NA,NA,NA,NA,NA,NA,NA,NA,NA,NA,NA,NA,NA,NA,NA,NA,1630590,NA,NA,NA,NA,NA,NA,NA,NA,NA,19,30,0.633,NA,NA,NA,NA,NA,NA,NA,NA,NA,14,25,0.56
2022,1630629,Gabriele,Procida,Gabriele Procida,SG-SF,77.75,6' 5.75'',79.75,6' 7.75'',192.80,80,6' 8.00'',106,8' 10.00'',3.8,8,9.25,29.5,35,11.02,3.14,3.07,NA,NA,NA,NA,NA,NA,NA,NA,NA,NA,NA,NA,NA,NA,NA,NA,NA,NA,NA,NA,NA,NA,NA,NA,1630629,NA,NA,NA,NA,NA,NA,NA,NA,NA,NA,NA,NA,NA,NA,NA,NA,NA,NA,NA,NA,NA,NA,NA,NA,NA,NA,NA,NA,NA,NA,NA,NA,NA,NA,NA,NA,NA,NA,NA,NA,NA,NA,NA,NA,NA,1630629,NA,NA,NA,NA,NA,NA,NA,NA,NA,NA,NA,NA,NA,NA,NA,NA,NA,NA,NA,NA,NA,NA,NA,NA
2022,1631197,Jared,Rhoden,Jared Rhoden,SG-SF,NA,NA,NA,NA,NA,NA,NA,NA,NA,NA,NA,NA,NA,NA,NA,NA,NA,NA,NA,NA,NA,NA,NA,NA,NA,NA,NA,NA,NA,NA,NA,NA,NA,NA,NA,NA,NA,NA,NA,NA,NA,1631197,NA,NA,NA,NA,NA,NA,NA,NA,NA,NA,NA,NA,NA,NA,NA,NA,NA,NA,NA,NA,NA,NA,NA,NA,NA,NA,NA,NA,NA,NA,NA,NA,NA,NA,NA,NA,NA,NA,NA,NA,NA,NA,NA,NA,NA,1631197,NA,NA,NA,NA,NA,NA,NA,NA,NA,NA,NA,NA,NA,NA,NA,NA,NA,NA,NA,NA,NA,NA,NA,NA
2022,1631115,Orlando,Robinson,Orlando Robinson,C,81.75,6' 9.75'',83,6' 11.00'',244.40,88,7' 4.00'',111,9' 3.00'',9.5,8.75,10,23,27.5,11.4,3.23,3.55,NA,NA,NA,NA,NA,NA,15-25,NA,NA,NA,NA,NA,NA,NA,NA,NA,NA,NA,NA,18-30,NA,NA,NA,13-25,1631115,NA,NA,NA,NA,NA,NA,NA,NA,NA,NA,NA,NA,NA,NA,NA,15,25,0.6,NA,NA,NA,NA,NA,NA,NA,NA,NA,NA,NA,NA,NA,NA,NA,NA,NA,NA,NA,NA,NA,NA,NA,NA,NA,NA,NA,1631115,NA,NA,NA,NA,NA,NA,NA,NA,NA,18,30,0.6,NA,NA,NA,NA,NA,NA,NA,NA,NA,13,25,0.52
2022,1631223,David,Roddy,David Roddy,PF,76.5,6' 4.50'',78,6' 6.00'',260.80,83.5,6' 11.50'',105,8' 9.00'',11.6,8.75,10,27,35.5,10.75,3.1,3.22,NA,NA,NA,NA,NA,NA,13-25,NA,NA,NA,NA,NA,NA,NA,NA,NA,NA,NA,NA,18-30,NA,NA,NA,13-25,1631223,NA,NA,NA,NA,NA,NA,NA,NA,NA,NA,NA,NA,NA,NA,NA,13,25,0.52,NA,NA,NA,NA,NA,NA,NA,NA,NA,NA,NA,NA,NA,NA,NA,NA,NA,NA,NA,NA,NA,NA,NA,NA,NA,NA,NA,1631223,NA,NA,NA,NA,NA,NA,NA,NA,NA,18,30,0.6,NA,NA,NA,NA,NA,NA,NA,NA,NA,13,25,0.52
2022,1631157,Ryan,Rollins,Ryan Rollins,SG,74,6' 2.00'',75.25,6' 3.25'',179.20,81.75,6' 9.75'',100.5,8' 4.50'',5,8,8.5,30.5,36.5,11.26,3.28,3.07,NA,NA,NA,NA,NA,NA,15-25,NA,NA,NA,NA,NA,NA,NA,NA,NA,NA,NA,NA,17-30,NA,NA,NA,12-25,1631157,NA,NA,NA,NA,NA,NA,NA,NA,NA,NA,NA,NA,NA,NA,NA,15,25,0.6,NA,NA,NA,NA,NA,NA,NA,NA,NA,NA,NA,NA,NA,NA,NA,NA,NA,NA,NA,NA,NA,NA,NA,NA,NA,NA,NA,1631157,NA,NA,NA,NA,NA,NA,NA,NA,NA,17,30,0.567,NA,NA,NA,NA,NA,NA,NA,NA,NA,12,25,0.48
2022,1631204,Marcus,Sasser,Marcus Sasser,PG,NA,NA,NA,NA,NA,NA,NA,NA,NA,NA,NA,NA,NA,NA,NA,NA,NA,NA,NA,NA,NA,NA,NA,NA,NA,NA,NA,NA,NA,NA,NA,NA,NA,NA,NA,NA,NA,NA,NA,NA,NA,1631204,NA,NA,NA,NA,NA,NA,NA,NA,NA,NA,NA,NA,NA,NA,NA,NA,NA,NA,NA,NA,NA,NA,NA,NA,NA,NA,NA,NA,NA,NA,NA,NA,NA,NA,NA,NA,NA,NA,NA,NA,NA,NA,NA,NA,NA,1631204,NA,NA,NA,NA,NA,NA,NA,NA,NA,NA,NA,NA,NA,NA,NA,NA,NA,NA,NA,NA,NA,NA,NA,NA
2022,1631220,Dereon,Seabron,Dereon Seabron,SG,76.75,6' 4.75'',77.75,6' 5.75'',182.40,80.75,6' 8.75'',103.5,8' 7.50'',4,8.5,9.5,30.5,38,11.03,3.04,3.12,NA,NA,NA,NA,NA,NA,11-25,NA,NA,NA,NA,NA,NA,NA,NA,NA,NA,NA,NA,17-30,NA,NA,NA,15-25,1631220,NA,NA,NA,NA,NA,NA,NA,NA,NA,NA,NA,NA,NA,NA,NA,11,25,0.44,NA,NA,NA,NA,NA,NA,NA,NA,NA,NA,NA,NA,NA,NA,NA,NA,NA,NA,NA,NA,NA,NA,NA,NA,NA,NA,NA,1631220,NA,NA,NA,NA,NA,NA,NA,NA,NA,17,30,0.567,NA,NA,NA,NA,NA,NA,NA,NA,NA,15,25,0.6
2022,1631101,Shaedon,Sharpe,Shaedon Sharpe,SG,76.25,6' 4.25'',77.25,6' 5.25'',198.00,83.5,6' 11.50'',103.5,8' 7.50'',4.8,9,9.25,NA,NA,NA,NA,NA,NA,NA,NA,NA,NA,NA,NA,NA,NA,NA,NA,NA,NA,NA,NA,NA,NA,NA,NA,NA,NA,NA,NA,NA,1631101,NA,NA,NA,NA,NA,NA,NA,NA,NA,NA,NA,NA,NA,NA,NA,NA,NA,NA,NA,NA,NA,NA,NA,NA,NA,NA,NA,NA,NA,NA,NA,NA,NA,NA,NA,NA,NA,NA,NA,NA,NA,NA,NA,NA,NA,1631101,NA,NA,NA,NA,NA,NA,NA,NA,NA,NA,NA,NA,NA,NA,NA,NA,NA,NA,NA,NA,NA,NA,NA,NA
2022,1631173,Terquavion,Smith,Terquavion Smith,SG,74.25,6' 2.25'',75.75,6' 3.75'',165.20,78.5,6' 6.50'',98,8' 2.00'',3.8,8.5,8,30.5,38.5,10.63,3.03,3.14,NA,NA,NA,NA,NA,NA,13-25,NA,NA,NA,NA,NA,NA,NA,NA,NA,NA,NA,NA,19-30,NA,NA,NA,13-25,1631173,NA,NA,NA,NA,NA,NA,NA,NA,NA,NA,NA,NA,NA,NA,NA,13,25,0.52,NA,NA,NA,NA,NA,NA,NA,NA,NA,NA,NA,NA,NA,NA,NA,NA,NA,NA,NA,NA,NA,NA,NA,NA,NA,NA,NA,1631173,NA,NA,NA,NA,NA,NA,NA,NA,NA,19,30,0.633,NA,NA,NA,NA,NA,NA,NA,NA,NA,13,25,0.52
2022,1631095,Jabari,Smith,Jabari Smith,PF,NA,NA,NA,NA,NA,NA,NA,NA,NA,NA,NA,NA,NA,NA,NA,NA,NA,NA,NA,NA,NA,NA,NA,NA,NA,NA,NA,NA,NA,NA,NA,NA,NA,NA,NA,NA,NA,NA,NA,NA,NA,1631095,NA,NA,NA,NA,NA,NA,NA,NA,NA,NA,NA,NA,NA,NA,NA,NA,NA,NA,NA,NA,NA,NA,NA,NA,NA,NA,NA,NA,NA,NA,NA,NA,NA,NA,NA,NA,NA,NA,NA,NA,NA,NA,NA,NA,NA,1631095,NA,NA,NA,NA,NA,NA,NA,NA,NA,NA,NA,NA,NA,NA,NA,NA,NA,NA,NA,NA,NA,NA,NA,NA
2022,1631110,Jeremy,Sochan,Jeremy Sochan,PF,NA,NA,NA,NA,NA,NA,NA,NA,NA,NA,NA,NA,NA,NA,NA,NA,NA,NA,NA,NA,NA,NA,NA,NA,NA,NA,NA,NA,NA,NA,NA,NA,NA,NA,NA,NA,NA,NA,NA,NA,NA,1631110,NA,NA,NA,NA,NA,NA,NA,NA,NA,NA,NA,NA,NA,NA,NA,NA,NA,NA,NA,NA,NA,NA,NA,NA,NA,NA,NA,NA,NA,NA,NA,NA,NA,NA,NA,NA,NA,NA,NA,NA,NA,NA,NA,NA,NA,1631110,NA,NA,NA,NA,NA,NA,NA,NA,NA,NA,NA,NA,NA,NA,NA,NA,NA,NA,NA,NA,NA,NA,NA,NA
2022,1631164,Matteo,Spagnolo,Matteo Spagnolo,PG,76,6' 4.00'',77.5,6' 5.50'',196.20,80,6' 8.00'',102,8' 6.00'',8.6,8.25,10,25.5,31.5,11.42,3.16,3.4,NA,NA,NA,NA,NA,NA,NA,NA,NA,NA,NA,NA,NA,NA,NA,NA,NA,NA,NA,NA,NA,NA,NA,NA,1631164,NA,NA,NA,NA,NA,NA,NA,NA,NA,NA,NA,NA,NA,NA,NA,NA,NA,NA,NA,NA,NA,NA,NA,NA,NA,NA,NA,NA,NA,NA,NA,NA,NA,NA,NA,NA,NA,NA,NA,NA,NA,NA,NA,NA,NA,1631164,NA,NA,NA,NA,NA,NA,NA,NA,NA,NA,NA,NA,NA,NA,NA,NA,NA,NA,NA,NA,NA,NA,NA,NA
2022,1631124,Julian,Strawther,Julian Strawther,SF,77.75,6' 5.75'',79,6' 7.00'',207.60,81.5,6' 9.50'',104.5,8' 8.50'',7.9,8.25,8.5,28.5,35,10.3,3.37,3.26,NA,NA,NA,NA,NA,NA,18-25,NA,NA,NA,NA,NA,NA,NA,NA,NA,NA,NA,NA,21-30,NA,NA,NA,14-25,1631124,NA,NA,NA,NA,NA,NA,NA,NA,NA,NA,NA,NA,NA,NA,NA,18,25,0.72,NA,NA,NA,NA,NA,NA,NA,NA,NA,NA,NA,NA,NA,NA,NA,NA,NA,NA,NA,NA,NA,NA,NA,NA,NA,NA,NA,1631124,NA,NA,NA,NA,NA,NA,NA,NA,NA,21,30,0.7,NA,NA,NA,NA,NA,NA,NA,NA,NA,14,25,0.56
2022,1631207,Dalen,Terry,Dalen Terry,SG,78,6' 6.00'',79.25,6' 7.25'',195.20,84.75,7' 0.75'',106,8' 10.00'',5.4,8.5,9,NA,NA,NA,NA,NA,NA,NA,NA,NA,NA,NA,NA,NA,NA,NA,NA,NA,NA,NA,NA,NA,NA,NA,NA,NA,NA,NA,NA,NA,1631207,NA,NA,NA,NA,NA,NA,NA,NA,NA,NA,NA,NA,NA,NA,NA,NA,NA,NA,NA,NA,NA,NA,NA,NA,NA,NA,NA,NA,NA,NA,NA,NA,NA,NA,NA,NA,NA,NA,NA,NA,NA,NA,NA,NA,NA,1631207,NA,NA,NA,NA,NA,NA,NA,NA,NA,NA,NA,NA,NA,NA,NA,NA,NA,NA,NA,NA,NA,NA,NA,NA
2022,1631166,Drew,Timme,Drew Timme,C,80.25,6' 8.25'',81.25,6' 9.25'',231.60,86,7' 2.00'',107.5,8' 11.50'',15.7,9,10,25.5,31.5,11.71,3.31,3.38,NA,NA,NA,NA,NA,NA,11-25,NA,NA,NA,NA,NA,NA,NA,NA,NA,NA,NA,NA,13-30,NA,NA,NA,10-25,1631166,NA,NA,NA,NA,NA,NA,NA,NA,NA,NA,NA,NA,NA,NA,NA,11,25,0.44,NA,NA,NA,NA,NA,NA,NA,NA,NA,NA,NA,NA,NA,NA,NA,NA,NA,NA,NA,NA,NA,NA,NA,NA,NA,NA,NA,1631166,NA,NA,NA,NA,NA,NA,NA,NA,NA,13,30,0.433,NA,NA,NA,NA,NA,NA,NA,NA,NA,10,25,0.4
2022,1631133,Jabari,Walker,Jabari Walker,PF,78.75,6' 6.75'',80,6' 8.00'',213.80,82.75,6' 10.75'',105,8' 9.00'',12.1,8.75,9.75,29.5,32.5,11.53,3.12,3.24,NA,NA,NA,NA,NA,NA,15-25,NA,NA,NA,NA,NA,NA,NA,NA,NA,NA,NA,NA,14-30,NA,NA,NA,11-25,1631133,NA,NA,NA,NA,NA,NA,NA,NA,NA,NA,NA,NA,NA,NA,NA,15,25,0.6,NA,NA,NA,NA,NA,NA,NA,NA,NA,NA,NA,NA,NA,NA,NA,NA,NA,NA,NA,NA,NA,NA,NA,NA,NA,NA,NA,1631133,NA,NA,NA,NA,NA,NA,NA,NA,NA,14,30,0.467,NA,NA,NA,NA,NA,NA,NA,NA,NA,11,25,0.44
2022,1631102,TyTy,Washington Jr.,TyTy Washington Jr.,SG,74.25,6' 2.25'',75.75,6' 3.75'',196.40,80,6' 8.00'',99.5,8' 3.50'',12,8.5,9.25,NA,NA,NA,NA,NA,NA,NA,NA,NA,NA,NA,NA,NA,NA,NA,NA,NA,NA,NA,NA,NA,NA,NA,NA,NA,NA,NA,NA,NA,1631102,NA,NA,NA,NA,NA,NA,NA,NA,NA,NA,NA,NA,NA,NA,NA,NA,NA,NA,NA,NA,NA,NA,NA,NA,NA,NA,NA,NA,NA,NA,NA,NA,NA,NA,NA,NA,NA,NA,NA,NA,NA,NA,NA,NA,NA,1631102,NA,NA,NA,NA,NA,NA,NA,NA,NA,NA,NA,NA,NA,NA,NA,NA,NA,NA,NA,NA,NA,NA,NA,NA
2022,1631212,Peyton,Watson,Peyton Watson,SF,78.75,6' 6.75'',80,6' 8.00'',203.40,84.5,7' 0.50'',107.5,8' 11.50'',5.2,8.5,9.5,28,33.5,11.03,3.24,3.28,NA,NA,NA,NA,NA,NA,NA,NA,NA,NA,NA,NA,NA,NA,NA,NA,NA,NA,NA,NA,NA,NA,NA,NA,1631212,NA,NA,NA,NA,NA,NA,NA,NA,NA,NA,NA,NA,NA,NA,NA,NA,NA,NA,NA,NA,NA,NA,NA,NA,NA,NA,NA,NA,NA,NA,NA,NA,NA,NA,NA,NA,NA,NA,NA,NA,NA,NA,NA,NA,NA,1631212,NA,NA,NA,NA,NA,NA,NA,NA,NA,NA,NA,NA,NA,NA,NA,NA,NA,NA,NA,NA,NA,NA,NA,NA
2022,1631104,Blake,Wesley,Blake Wesley,SG,75,6' 3.00'',76.25,6' 4.25'',187.20,81.25,6' 9.25'',103,8' 7.00'',5.6,8.25,9,30,36,11.55,3.25,3.21,NA,NA,NA,NA,NA,NA,NA,NA,NA,NA,NA,NA,NA,NA,NA,NA,NA,NA,NA,NA,NA,NA,NA,NA,1631104,NA,NA,NA,NA,NA,NA,NA,NA,NA,NA,NA,NA,NA,NA,NA,NA,NA,NA,NA,NA,NA,NA,NA,NA,NA,NA,NA,NA,NA,NA,NA,NA,NA,NA,NA,NA,NA,NA,NA,NA,NA,NA,NA,NA,NA,1631104,NA,NA,NA,NA,NA,NA,NA,NA,NA,NA,NA,NA,NA,NA,NA,NA,NA,NA,NA,NA,NA,NA,NA,NA
2022,1631214,Alondes,Williams,Alondes Williams,SG,75.75,6' 3.75'',77,6' 5.00'',209.00,79,6' 7.00'',102,8' 6.00'',7.2,8.5,9.25,30,35.5,10.96,3.11,3.15,NA,NA,NA,NA,NA,NA,15-25,NA,NA,NA,NA,NA,NA,NA,NA,NA,NA,NA,NA,16-30,NA,NA,NA,11-25,1631214,NA,NA,NA,NA,NA,NA,NA,NA,NA,NA,NA,NA,NA,NA,NA,15,25,0.6,NA,NA,NA,NA,NA,NA,NA,NA,NA,NA,NA,NA,NA,NA,NA,NA,NA,NA,NA,NA,NA,NA,NA,NA,NA,NA,NA,1631214,NA,NA,NA,NA,NA,NA,NA,NA,NA,16,30,0.533,NA,NA,NA,NA,NA,NA,NA,NA,NA,11,25,0.44
2022,1631114,Jalen,Williams,Jalen Williams,SG,76.5,6' 4.50'',77.75,6' 5.75'',209.20,86.25,7' 2.25'',105.5,8' 9.50'',8.9,8.5,9.5,33.5,39,11.13,3.17,3.11,NA,NA,NA,NA,NA,NA,13-25,NA,NA,NA,NA,NA,NA,NA,NA,NA,NA,NA,NA,21-30,NA,NA,NA,13-25,1631114,NA,NA,NA,NA,NA,NA,NA,NA,NA,NA,NA,NA,NA,NA,NA,13,25,0.52,NA,NA,NA,NA,NA,NA,NA,NA,NA,NA,NA,NA,NA,NA,NA,NA,NA,NA,NA,NA,NA,NA,NA,NA,NA,NA,NA,1631114,NA,NA,NA,NA,NA,NA,NA,NA,NA,21,30,0.7,NA,NA,NA,NA,NA,NA,NA,NA,NA,13,25,0.52
2022,1631119,Jaylin,Williams,Jaylin Williams,C,80.75,6' 8.75'',82,6' 10.00'',236.60,85,7' 1.00'',108.5,9' 0.50'',8,8.5,10.5,24.5,30,11.64,3.1,3.5,NA,NA,NA,NA,NA,NA,10-25,NA,NA,NA,NA,NA,NA,NA,NA,NA,NA,NA,NA,16-30,NA,NA,NA,10-25,1631119,NA,NA,NA,NA,NA,NA,NA,NA,NA,NA,NA,NA,NA,NA,NA,10,25,0.4,NA,NA,NA,NA,NA,NA,NA,NA,NA,NA,NA,NA,NA,NA,NA,NA,NA,NA,NA,NA,NA,NA,NA,NA,NA,NA,NA,1631119,NA,NA,NA,NA,NA,NA,NA,NA,NA,16,30,0.533,NA,NA,NA,NA,NA,NA,NA,NA,NA,10,25,0.4
2022,1630652,Trevion,Williams,Trevion Williams,C,79.25,6' 7.25'',80.75,6' 8.75'',264.60,86.75,7' 2.75'',108.5,9' 0.50'',10.8,9,10.25,27.5,30,12.75,3.46,3.48,NA,NA,NA,NA,NA,NA,7-25,NA,NA,NA,NA,NA,NA,NA,NA,NA,NA,NA,NA,14-30,NA,NA,NA,11-25,1630652,NA,NA,NA,NA,NA,NA,NA,NA,NA,NA,NA,NA,NA,NA,NA,7,25,0.28,NA,NA,NA,NA,NA,NA,NA,NA,NA,NA,NA,NA,NA,NA,NA,NA,NA,NA,NA,NA,NA,NA,NA,NA,NA,NA,NA,1630652,NA,NA,NA,NA,NA,NA,NA,NA,NA,14,30,0.467,NA,NA,NA,NA,NA,NA,NA,NA,NA,11,25,0.44
2022,1631258,Bryson,Williams,Bryson Williams,PF-C,NA,NA,NA,NA,NA,NA,NA,NA,NA,NA,NA,NA,NA,NA,NA,NA,NA,NA,NA,NA,NA,NA,NA,NA,NA,NA,NA,NA,NA,NA,NA,NA,NA,NA,NA,NA,NA,NA,NA,NA,NA,1631258,NA,NA,NA,NA,NA,NA,NA,NA,NA,NA,NA,NA,NA,NA,NA,NA,NA,NA,NA,NA,NA,NA,NA,NA,NA,NA,NA,NA,NA,NA,NA,NA,NA,NA,NA,NA,NA,NA,NA,NA,NA,NA,NA,NA,NA,1631258,NA,NA,NA,NA,NA,NA,NA,NA,NA,NA,NA,NA,NA,NA,NA,NA,NA,NA,NA,NA,NA,NA,NA,NA
2022,1631109,Mark,Williams,Mark Williams,C,84,7' 0.00'',86,7' 2.00'',242.40,90.5,7' 6.50'',117,9' 9.00'',5.4,9,9.75,NA,NA,NA,NA,NA,NA,NA,NA,NA,NA,NA,NA,NA,NA,NA,NA,NA,NA,NA,NA,NA,NA,NA,NA,NA,NA,NA,NA,NA,1631109,NA,NA,NA,NA,NA,NA,NA,NA,NA,NA,NA,NA,NA,NA,NA,NA,NA,NA,NA,NA,NA,NA,NA,NA,NA,NA,NA,NA,NA,NA,NA,NA,NA,NA,NA,NA,NA,NA,NA,NA,NA,NA,NA,NA,NA,1631109,NA,NA,NA,NA,NA,NA,NA,NA,NA,NA,NA,NA,NA,NA,NA,NA,NA,NA,NA,NA,NA,NA,NA,NA
2022,1630592,Jalen,Wilson,Jalen Wilson,SF-PF,NA,NA,NA,NA,NA,NA,NA,NA,NA,NA,NA,NA,NA,NA,NA,NA,NA,NA,NA,NA,NA,NA,NA,NA,NA,NA,NA,NA,NA,NA,NA,NA,NA,NA,NA,NA,NA,NA,NA,NA,NA,1630592,NA,NA,NA,NA,NA,NA,NA,NA,NA,NA,NA,NA,NA,NA,NA,NA,NA,NA,NA,NA,NA,NA,NA,NA,NA,NA,NA,NA,NA,NA,NA,NA,NA,NA,NA,NA,NA,NA,NA,NA,NA,NA,NA,NA,NA,1630592,NA,NA,NA,NA,NA,NA,NA,NA,NA,NA,NA,NA,NA,NA,NA,NA,NA,NA,NA,NA,NA,NA,NA,NA
2022,1630855,Fanbo,Zeng,Fanbo Zeng,SF-PF,NA,NA,NA,NA,NA,NA,NA,NA,NA,NA,NA,NA,NA,NA,NA,NA,NA,NA,NA,NA,NA,NA,NA,NA,NA,NA,NA,NA,NA,NA,NA,NA,NA,NA,NA,NA,NA,NA,NA,NA,NA,1630855,NA,NA,NA,NA,NA,NA,NA,NA,NA,NA,NA,NA,NA,NA,NA,NA,NA,NA,NA,NA,NA,NA,NA,NA,NA,NA,NA,NA,NA,NA,NA,NA,NA,NA,NA,NA,NA,NA,NA,NA,NA,NA,NA,NA,NA,1630855,NA,NA,NA,NA,NA,NA,NA,NA,NA,NA,NA,NA,NA,NA,NA,NA,NA,NA,NA,NA,NA,NA,NA,NA
