"Team","Conf.x","HCA","HCA.Rk","PF","PF.Rk","Pts","Pts.Rk","NST","NST.Rk","Blk","Blk.Rk","Elev","Elev.Rk","Rk","Conf.y","Arena","Alternate","Year","lon","lat"
"Colorado","P12",4.9,1,-4.8,14,12.2,3,-1.5,60,1.6,79,5400,5,67,"P12","CU Events Center","",2021,-105.2611722,40.005398
"West Virginia","B12",4.6,2,-4.9,8,12.5,1,-2.1,12,2.1,20,1000,58,39,"B12","WVU Coliseum","",2021,-79.9814341,39.649361
"Texas Tech","B12",4.5,3,-4.6,16,11.1,7,-1.4,74,1.6,92,3200,20,26,"B12","United Supermarkets Arena","",2021,-101.886563,33.581334
"Air Force","MWC",4.4,4,-3.2,109,10.1,20,-1.2,111,1.4,140,7000,2,200,"MWC","Clune Arena","",2021,-104.8837443,39.0137436
"Memphis","Amer",4.4,5,-5.2,2,9.5,33,-2.4,6,2.1,23,200,232,10,"Amer","FedExForum","",2021,-90.0505864,35.1381418
"New Mexico","MWC",4.2,6,-3.7,66,10.8,10,-0.7,209,0.8,266,5100,7,23,"MWC","Dreamstyle Arena","",2021,-106.6322619,35.0670344
"Utah St.","MWC",4.2,7,-3.3,101,11.2,6,-0.1,296,1.8,56,4800,10,86,"MWC","Dee Glen Smith Spectrum","",2021,-111.8116607,41.7476119
"North Carolina A&T","MEAC",4.2,8,-4.9,10,9.4,37,-0.9,160,2.7,2,800,91,180,"MEAC","Corbett Sports Center","",2021,-79.7690552,36.0767649
"Louisiana Tech","CUSA",4.2,9,-3.4,88,11.4,5,-2.6,2,2.5,6,300,210,139,"CUSA","Thomas Assembly Center","",2021,-92.6585828,32.5320633
"Iowa","B10",4.1,10,-5,7,9.3,39,-0.9,167,2.1,20,700,113,28,"B10","Carver Hawkeye Arena","",2021,-91.5546047,41.663778
"Utah","P12",4.1,11,-3,128,10.5,14,-1.8,29,0.6,299,4800,10,29,"P12","Huntsman Center","",2021,-111.8387829,40.762049
"Wake Forest","ACC",4.1,12,-5.2,2,7.8,83,-1.4,69,1.7,70,1000,58,33,"ACC","Joel Coliseum","",2021,-80.2574934,36.1277077
"Stanford","P12",4.1,13,-4.1,34,11,8,-1.1,129,2.6,5,100,259,156,"P12","Maples Pavilion","",2021,-122.1606333,37.4296194
"Arkansas","SEC",4.1,14,-4.5,19,8.8,54,-0.7,204,2.5,7,1300,41,7,"SEC","Bud Walton Arena","",2021,-94.1780556,36.0616667
"Saint Louis","A10",4.1,15,-5.3,1,7.8,86,-1.8,38,1.5,103,500,166,73,"A10","Chaifetz Arena","",2021,-90.2278912,38.6325363
"Western Kentucky","CUSA",4.1,16,-4.8,11,6.8,138,-2.5,3,2,28,500,166,152,"CUSA","E.A. Diddle Arena","",2021,-86.4576178,36.9863236
"Connecticut","BE",4,17,-4.4,23,8.4,64,-2.3,10,1.9,37,600,137,92,"BE","Gampel Pavilion","XL Center (15,564)",2021,-72.2545924,41.8048726
"Iowa St.","B12",4,18,-3.5,87,10.2,19,-2.5,5,2,31,900,68,37,"B12","Hilton Coliseum","",2021,-93.6348693,42.0211714
"Kansas St.","B12",4,19,-4.2,28,8.5,63,-1.8,29,1.9,36,1100,48,48,"B12","Bramlage Coliseum","",2021,-96.5937885,39.2003598
"Charlotte","CUSA",4,20,-3.7,65,10.6,13,-1.9,18,1.6,100,700,113,109,"CUSA","Halton Arena","",2021,-80.7344525,35.306403
"Drake","MVC",4,21,-4.6,17,9.5,30,-0.6,217,1.6,79,900,68,167,"MVC","Knapp Center","",2021,-93.6521848,41.6046559
"Missouri","SEC",4,22,-4.1,35,9.4,34,-1.5,60,1.9,40,700,113,27,"SEC","Mizzou Arena","",2021,-92.3337354,38.9324883
"UTEP","CUSA",4,23,-3.9,53,7.5,103,-1.7,45,0.9,239,3800,19,58,"CUSA","Don Haskins Center","",2021,-106.5057042,31.7777601
"Oklahoma","B12",4,24,-4.1,32,9.7,25,-1,143,1.7,67,1100,48,61,"B12","Lloyd Noble Center","",2021,-97.444262,35.18733
"SMU","Amer",4,25,-3.8,56,10.4,15,-1.4,74,1.8,51,600,137,115,"Amer","Moody Coliseum","",2021,-96.7806333,32.8403778
"Evansville","MVC",3.9,26,-5.2,2,6.6,148,-2.4,7,0.8,253,400,185,116,"MVC","Ford Center","",2021,-96.8283481,33.1105911
"Illinois St.","MVC",3.9,27,-4.3,27,10.1,21,-1.5,57,0.8,253,800,91,90,"MVC","Redbird Arena","",2021,-88.9987999,40.5106898
"Utah Valley","WAC",3.9,28,-2.8,153,8.8,56,-1.6,53,1.2,174,4600,15,125,"WAC","UCCU Center","",2021,-111.7170486,40.2786407
"Clemson","ACC",3.9,29,-4,44,8.7,59,-1.7,41,2,28,700,113,113,"ACC","Littlejohn Coliseum","",2021,-82.8464242,34.6804137
"South Carolina","SEC",3.9,30,-5.2,5,8.1,75,-1.7,41,0.6,306,200,232,12,"SEC","Colonial Life Arena","",2021,-81.0371971,33.9948495
"Texas A&M","SEC",3.9,31,-5,6,5.7,207,-2.4,7,1.6,92,400,185,45,"SEC","Reed Arena","",2021,-96.3462861,30.6060453
"Maryland","B10",3.9,32,-4.8,11,7.5,102,-1.8,33,1.5,103,100,259,14,"B10","Xfinity Center","",2021,-71.2199873,41.9924315
"Purdue","B10",3.9,33,-4.1,37,9.9,23,-0.8,186,1.8,49,600,137,31,"B10","Mackey Arena","",2021,-86.9157668,40.4332234
"Oregon","P12",3.9,34,-3.2,108,12.4,2,-0.3,267,2.2,15,400,185,47,"P12","Knight Arena","",2021,-123.0663109,44.0449193
"Ohio St.","B10",3.9,35,-4,44,10.8,11,-0.7,210,1.4,142,700,113,8,"B10","Value City Arena","",2021,-83.0249431,40.0079107
"Nevada","MWC",3.9,36,-3,127,8.5,61,-1.4,69,0.7,295,4600,15,62,"MWC","Lawlor Events Center","",2021,-119.8183,39.5451
"TCU","B12",3.9,37,-4,39,9.2,44,-1.1,128,1.9,40,600,137,178,"B12","Schollmaier Arena","",2021,-97.3667142,32.7088144
"Colorado St.","MWC",3.9,38,-2.8,155,7.1,121,-1.8,29,1.3,158,5000,8,119,"MWC","Moby Arena","",2021,-105.0932246,40.5756843
"Cincinnati","Amer",3.8,39,-3.6,76,9.3,41,-1.8,29,1.5,113,800,91,56,"Amer","Fifth Third Arena","",2021,-87.6733653,41.8773847
"Kentucky","SEC",3.8,40,-4.2,30,9,51,-0.9,150,1.3,160,1000,58,5,"SEC","Rupp Arena","",2021,-84.5025226,38.0492752
"South Dakota St.","Sum",3.8,41,-3.1,122,11,9,-1.8,34,0.6,303,1600,37,181,"Sum","Frost Arena","",2021,-96.7791265,44.318304
"Rutgers","B10",3.8,42,-4,39,7.9,79,-2.2,11,1.9,48,0,308,139,"B10","Rutgers Athletic Center","",2021,-74.441353,40.52525
"Mississippi St.","SEC",3.8,43,-4,44,9.6,27,-0.5,232,2,31,400,185,74,"SEC","Humphrey Coliseum","",2021,-88.7940254,33.4614159
"Ohio","MAC",3.8,44,-3.9,51,7.5,106,-2.7,1,1.3,154,600,137,44,"MAC","Convocation Center","",2021,-88.7853088,41.9355125
"Dayton","A10",3.8,45,-4.5,19,7.7,92,-1.9,18,0.7,289,700,113,42,"A10","University of Dayton Arena","",2021,-84.1997159,39.7356112
"Kansas","B12",3.8,46,-4.2,30,8.9,53,-1.2,113,1,221,900,68,20,"B12","Allen Fieldhouse","",2021,-95.2527778,38.9541667
"Old Dominion","CUSA",3.8,47,-4,38,9.1,49,-1.1,119,1.7,61,0,308,131,"CUSA","Constant Convocation Center","",2021,-76.3013504,36.8841366
"Louisville","ACC",3.8,48,-4.8,13,6.2,176,-1.6,52,1.3,154,400,185,2,"ACC","KFC Yum! Center","",2021,-85.7542438,38.2571679
"Texas","B12",3.8,49,-4.3,26,7.7,92,-1.8,37,1.1,215,500,166,19,"B12","Erwin Center","",2021,-97.732185,30.2769359
"Marshall","CUSA",3.8,50,-3.9,49,9.5,30,-0.9,164,1.2,169,500,166,112,"CUSA","Henderson Center","",2021,-80.1849404,26.194375
"Bradley","MVC",3.7,51,-4.2,29,9.1,46,-0.7,197,1.1,191,500,166,68,"MVC","Carver Arena","",2021,-91.5546047,41.663778
"Denver","Sum",3.7,52,-2.8,155,7.9,81,0.3,335,1.6,84,5300,6,164,"Sum","Magness Arena","",2021,-104.9616342,39.6821222
"Tennessee","SEC",3.7,53,-4.4,22,6.4,163,-1.9,21,1,229,900,68,4,"SEC","Thompson Boling Arena","",2021,-83.9250359,35.9511794
"Michigan St.","B10",3.7,54,-3.9,54,6.7,144,-1.4,84,2.3,13,800,91,32,"B10","Breslin Center","",2021,-84.4923695,42.7283325
"Boise St.","MWC",3.7,55,-3.9,54,7.2,119,-1.1,114,0.7,284,2700,23,51,"MWC","ExtraMile Arena","",2021,-116.1989424,43.6035805
"Oklahoma St.","B12",3.7,56,-4,39,7,128,-1.7,48,1.4,126,900,68,41,"B12","Gallagher Iba Arena","",2021,-97.0651325,36.1257039
"La Salle","A10",3.7,57,-3.8,62,9.7,26,-0.8,176,1.4,149,200,232,266,"A10","Tom Gola Arena","",2021,-75.1562158,40.0400211
"UCLA","P12",3.7,58,-3.8,62,9.4,36,-1,135,1,221,400,185,40,"P12","Pauley Pavilion","",2021,-118.4469294,34.0703423
"Georgia","SEC",3.7,59,-4.5,21,7.2,118,-0.7,197,1.2,172,700,113,76,"SEC","Stegeman Coliseum","",2021,-83.3781197,33.9427339
"Indiana St.","MVC",3.7,60,-4,42,10.4,15,-0.4,250,0.5,317,500,166,90,"MVC","Hulman Center","",2021,-87.4051228,39.4684796
"Wyoming","MWC",3.7,61,-2,213,6.3,175,-0.8,183,1.1,191,7200,1,66,"MWC","Arena Auditorium","",2021,-105.5694444,41.3133333
"Tulsa","Amer",3.7,62,-2.8,155,10.7,12,-1.2,96,1.4,130,800,91,132,"Amer","Reynolds Center","",2021,-95.9420646,36.1490729
"LSU","SEC",3.7,63,-4.9,8,5.9,193,-1.4,74,1.2,183,0,308,43,"SEC","Maravich Assembly Center","",2021,-91.1846265,30.4142761
"Southern Miss","CUSA",3.7,64,-2.6,170,11.9,4,-1.2,106,1.4,132,200,232,137,"CUSA","Reed Green Coliseum","",2021,-89.3379397,31.331209
"California","P12",3.7,65,-3.3,103,8.8,55,-1.9,23,1.5,116,200,232,59,"P12","Haas Pavilion","",2021,-122.2621795,37.8694051
"Mississippi","SEC",3.6,66,-3.7,68,7.7,92,-1.1,125,2,31,500,166,101,"SEC","The Pavilion at Ole Miss","",2021,-89.536016,34.3628353
"Missouri St.","MVC",3.6,67,-4.1,36,6.9,133,-1.7,47,0.6,306,1300,41,69,"MVC","JQH Arena","",2021,-93.2831751,37.2019687
"Arizona St.","P12",3.6,68,-3.3,97,7.9,80,-0.7,204,2.1,18,1200,43,72,"P12","Desert Financial Arena","",2021,-111.9310002,33.424495
"BYU","WCC",3.6,69,-2.7,164,7.9,81,0,311,1.1,215,4700,14,9,"WCC","Marriott Center","",2021,-111.6492787,40.2540523
"St. John's","BE",3.6,70,-3.2,109,8.1,73,-1.2,96,2.4,11,100,259,206,"BE","Carnesecca Arena","Madison Square Garden (19,786)",2021,-73.7945776,40.7241294
"Duke","ACC",3.6,71,-2.9,137,9.6,28,-0.7,197,2.2,15,400,185,104,"ACC","Cameron Indoor Stadium","",2021,-78.942205,35.9974715
"UCF","Amer",3.6,72,-3.6,79,7.7,91,-1.8,34,1.6,92,100,259,97,"Amer","Addition Financial Arena","",2021,-81.1973669,28.607225
"Nebraska","B10",3.6,73,-4.3,24,6.9,132,-0.5,232,1.1,219,1100,48,29,"B10","Pinnacle Bank Arena","",2021,-96.7126194,40.817931
"Miami OH","MAC",3.6,74,-3.8,59,6.1,184,-1.5,55,1.7,66,900,68,186,"MAC","Millett Hall","",2021,-84.734543,39.5172109
"Washington","P12",3.6,75,-3.5,83,7.5,98,-0.8,170,2.5,8,100,259,106,"P12","Alaska Airlines Arena","",2021,-122.3021452,47.6520654
"San Diego St.","MWC",3.6,76,-3.6,76,9.4,34,-1,139,0.7,279,400,185,52,"MWC","Viejas Arena","",2021,-117.0745172,32.7739056
"Auburn","SEC",3.6,77,-3.5,83,7.7,90,-0.7,204,2,26,700,113,108,"SEC","Auburn Arena","",2021,-85.4924988,32.6027586
"NJIT","AE",3.6,78,-2.8,158,9.6,29,-1.8,36,1.6,91,100,259,283,"AE","Wellness and Events Center","",2021,-74.1804421,40.7422515
"N.C. State","ACC",3.6,79,-3.3,106,7.5,100,-1.4,79,2.1,23,400,185,6,"ACC","PNC Arena","",2021,-78.7218018,35.803329
"New Mexico St.","WAC",3.6,80,-2.7,162,6.5,155,-0.3,277,1.9,37,4000,18,50,"WAC","Pan American Center","",2021,-106.7421707,32.2836754
"Wisconsin","B10",3.6,81,-4.5,18,6.1,184,-0.8,193,0.9,242,900,68,18,"B10","Kohl Center","",2021,-89.39672,43.069396
"Furman","SC",3.6,82,-2.7,160,8.2,68,-0.8,193,2.7,3,1000,58,231,"SC","Timmons Arena","",2021,-82.437289,34.9179345
"Wright St.","Horz",3.6,83,-3.4,88,9.1,48,-1.3,93,0.5,320,900,68,81,"Horz","Nutter Center","",2021,-84.0522812,39.7820712
"Baylor","B12",3.6,84,-4.7,15,5,243,-1.4,69,1.1,191,400,185,85,"B12","Ferrell Center","",2021,-97.105669,31.5479228
"Michigan","B10",3.6,85,-3.7,68,6.6,153,-1.7,46,1.2,174,900,68,46,"B10","Crisler Center","",2021,-83.7467082,42.2650465
"Creighton","BE",3.6,86,-3.2,114,7.9,78,-1.4,79,1.4,132,1000,58,17,"BE","CHI Health Center Omaha","",2021,-95.9282961,41.2636927
"Western Michigan","MAC",3.6,87,-3.5,81,8.5,60,-1.3,87,0.6,303,800,91,213,"MAC","University Arena","",2021,-85.6086875,42.2833506
"Arizona","P12",3.5,88,-3.4,93,6.8,137,-0.7,204,1.2,183,2400,27,34,"P12","McKale Memorial Center","",2021,-110.9460438,32.2297033
"Indiana","B10",3.5,89,-3.8,59,8.7,58,0.1,328,1.2,183,800,91,16,"B10","Assembly Hall","",2021,-86.5221318,39.1808898
"Weber St.","BSky",3.5,90,-1.6,248,6.5,160,-1.1,129,2.2,14,4800,10,64,"BSky","Dee Events Center","",2021,-111.9450635,41.1823818
"George Washington","A10",3.5,91,-2.7,159,9.5,30,-1.9,26,1.1,191,100,259,256,"A10","Charles E. Smith Center","",2021,-77.049338,38.8978433
"VCU","A10",3.5,92,-3.4,95,9.2,44,-1.2,106,0.8,272,200,232,150,"A10","Siegel Center","",2021,-77.4529235,37.5529069
"Minnesota","B10",3.5,93,-3.9,50,7.8,86,-0.2,286,1.1,212,800,91,35,"B10","Williams Arena","",2021,-93.2279713,44.9768472
"Stephen F. Austin","Slnd",3.5,94,-2.6,168,8.2,68,-2,14,1.8,57,300,210,162,"Slnd","Johnson Coliseum","",2021,-95.5462167,30.712925
"Oregon St.","P12",3.5,95,-3.3,106,9.3,39,-0.4,250,1.4,119,200,232,100,"P12","Gill Coliseum","",2021,-123.2805695,44.5612609
"Coastal Carolina","SB",3.5,96,-3.6,79,8.2,70,-1,135,1.3,166,0,308,278,"SB","HTC Center","",2021,-79.0157505,33.7988949
"Northern Iowa","MVC",3.5,97,-4,44,7.4,109,-1.2,96,0.2,343,900,68,160,"MVC","McLeod Center","",2021,-80.8811032,35.1959983
"Massachusetts","A10",3.5,98,-3.7,68,6.4,166,-1.9,18,1.2,174,200,232,102,"A10","Mullins Center","",2021,-72.5334464,42.389382
"Marquette","BE",3.5,99,-3.3,99,6.4,165,-1.4,69,1.9,44,600,137,15,"BE","Fiserv Forum","",2021,-87.9173862,43.0450802
"Akron","MAC",3.5,100,-3.9,51,6.7,146,-0.7,203,0.9,244,1100,48,209,"MAC","Rhodes Arena","",2021,-81.5088053,41.075549
"Florida St.","ACC",3.5,101,-4,44,8.9,52,0.1,322,0.8,258,100,259,55,"ACC","Donald L. Tucker Center","",2021,-84.2866581,30.4377823
"St. Bonaventure","A10",3.5,102,-3.6,74,5.1,237,-1.7,48,1.3,160,1400,38,203,"A10","Reilly Center","",2021,-90.1171904,29.9434524
"UNLV","MWC",3.5,103,-3.1,122,6.5,158,-1.5,56,0.8,253,2000,31,12,"MWC","Thomas & Mack Center","",2021,-95.6164276,37.0370221
"Washington St.","P12",3.5,104,-2.1,199,8,76,-0.9,150,1.5,108,2600,24,60,"P12","Friel Court","",2021,-117.1580849,46.735235
"Houston Baptist","Slnd",3.5,105,-3.2,114,7.5,103,-1.1,125,1.9,44,100,259,353,"Slnd","Sharp Gym","",2021,-97.6087531,38.8393199
"North Dakota St.","Sum",3.4,106,-3.1,122,9.1,47,-0.7,210,0.7,279,900,68,205,"Sum","Scheels Center","",2021,-96.7982612,46.9003733
"Penn St.","B10",3.4,107,-3.2,116,7.2,116,-0.2,286,1.9,35,1200,43,25,"B10","Bryce Jordan Center","",2021,-77.8556061,40.8086107
"UNC Wilmington","CAA",3.4,108,-3.3,103,8.1,71,-0.8,170,1.5,108,0,308,192,"CAA","Trask Coliseum","",2021,-77.8783329,34.2250178
"Alabama","SEC",3.4,109,-3.8,59,6.7,142,0.1,322,2.1,25,200,232,24,"SEC","Coleman Coliseum","",2021,-87.5396965,33.2030429
"Southern Illinois","MVC",3.4,110,-3.8,56,8.1,71,-0.1,296,0.8,272,400,185,133,"MVC","Banterra Center","",2021,-89.2187116,37.7083282
"Seton Hall","BE",3.4,111,-3.7,64,6,187,-1.4,77,1.4,132,0,308,80,"BE","Prudential Center","",2021,-71.0817427,42.3470567
"Buffalo","MAC",3.4,112,-3.4,90,5.8,199,-2.3,9,0.8,258,600,137,192,"MAC","Alumni Arena","",2021,-78.7811679,43.0001109
"Syracuse","ACC",3.4,113,-3.6,71,5.3,227,-1.1,125,1.8,58,600,137,1,"ACC","Carrier Dome","",2021,-76.1363161,43.0362269
"Florida","SEC",3.4,114,-4.3,25,4.5,274,-0.8,170,1.5,102,200,232,94,"SEC","Exactech Arena","",2021,-82.3511547,29.64939
"Virginia Tech","ACC",3.4,115,-2,209,7.6,97,-2,17,1,227,2200,28,105,"ACC","Cassell Coliseum","",2021,-80.4190748,37.2226899
"UT Arlington","SB",3.4,116,-3,133,7.1,124,-1,143,1.8,49,600,137,171,"SB","College Park Center","",2021,-97.1080356,32.7306428
"North Carolina","ACC",3.4,117,-3.6,73,5.5,219,-1.2,96,1.6,79,400,185,3,"ACC","Dean E. Smith Center","",2021,-79.0438731,35.8994844
"Eastern Michigan","MAC",3.4,118,-3.1,125,7.6,95,-0.8,186,1.2,169,800,91,117,"MAC","Convocation Center","",2021,-88.7853088,41.9355125
"Miami FL","ACC",3.4,119,-3.4,93,7.8,88,-0.9,167,1.1,191,0,308,145,"ACC","Watsco Center","",2021,-80.2793482,25.7153176
"Wichita St.","Amer",3.4,120,-3,133,7.5,100,-1.2,103,0.7,295,1400,38,77,"Amer","Charles Koch Arena","",2021,-97.297447,37.721663
"USC","P12",3.4,121,-2.3,189,9,50,-1.9,26,1.2,179,200,232,87,"P12","Galen Center","",2021,-118.2797113,34.0208219
"South Carolina St.","MEAC",3.4,122,-4,42,5.8,196,-0.2,281,1.6,75,300,210,295,"MEAC","Smith Hammond Middleton Center","",2021,-80.846515,33.5010199
"UAB","CUSA",3.4,123,-2.9,139,7.8,88,-0.4,252,1.8,51,600,137,125,"CUSA","Bartow Arena","",2021,-86.8092363,33.5023301
"Georgia St.","SB",3.4,124,-3,131,7.1,124,-0.6,227,1.6,78,1000,58,291,"SB","GSU Sports Arena","",2021,-84.3863189,33.7516867
"Northern Arizona","BSky",3.3,125,-1.4,271,4.5,269,-0.6,217,1.5,116,6900,3,158,"BSky","Walkup Skydome","",2021,-111.6528102,35.1805295
"North Texas","CUSA",3.3,126,-3.3,101,6.3,172,-1.1,129,1.2,183,700,113,78,"CUSA","The Super Pit","",2021,121.5055958,-30.7776326
"Oral Roberts","Sum",3.3,127,-2.9,146,8.5,62,-0.8,189,0.8,258,600,137,74,"Sum","Mabee Center","",2021,-95.9558424,36.0480407
"Central Arkansas","Slnd",3.3,128,-2,208,8.3,67,-0.8,179,2.5,10,300,210,209,"Slnd","Farris Center","",2021,-92.4594976,35.0818647
"Montana St.","BSky",3.3,129,-1.1,300,8.8,56,0,311,0.9,246,4900,9,247,"BSky","Worthington Arena","",2021,-111.0506118,45.6633982
"Florida Gulf Coast","ASun",3.3,130,-2.6,166,9.8,24,-0.1,305,1.3,160,0,308,247,"ASun","Alico Arena","",2021,-81.7646659,26.4710624
"Middle Tennessee","CUSA",3.3,131,-2.6,166,7.5,105,-0.9,150,1.6,100,600,137,63,"CUSA","Murphy Center","",2021,-105.0722952,40.6031625
"Louisiana Monroe","SB",3.3,132,-2.8,148,8,77,-1.4,84,0.9,239,100,259,171,"SB","Fant-Ewing Coliseum","",2021,-92.069453,32.5310438
"Davidson","A10",3.3,133,-1.9,217,9.3,38,-0.7,204,1.6,97,800,91,217,"A10","Belk Arena","",2021,-80.8403139,35.4993221
"Lamar","Slnd",3.3,134,-3.6,71,6.3,171,-0.3,273,1.4,130,0,308,95,"Slnd","Montagne Center","",2021,-94.0707145,30.0442788
"UNC Greensboro","SC",3.3,135,-2.4,184,5.2,233,-1.4,68,2.6,4,900,68,151,"SC","Greensboro Coliseum","Fleming Gymnasium (2,320)",2021,-79.8253632,36.0590225
"The Citadel","SC",3.3,136,-3.6,74,4.3,281,-1.4,64,1.7,63,0,308,195,"SC","McAlister Field House","",2021,-79.9623637,32.7985855
"Seattle","WAC",3.3,137,-3,132,6,189,-1.9,28,1.2,181,300,210,355,"WAC","Redhawk Center","",2021,-122.3139493,47.6067756
"North Carolina Central","MEAC",3.3,138,-1.8,228,10.3,17,-0.7,195,1.4,142,400,185,304,"MEAC","McLendon-McDougald Gymnasium","",2021,-78.8977563,35.9758995
"UTSA","CUSA",3.3,139,-2.1,201,10,22,-0.8,176,1,231,300,210,265,"CUSA","UTSA Convocation Center","",2021,-98.6214107,29.5823631
"Valparaiso","MVC",3.3,140,-3.6,76,6.5,161,0.3,335,1.3,154,800,91,231,"MVC","Athletics Recreation Center","",2021,-87.0483333,41.4641667
"Tennessee Martin","OVC",3.3,141,-2.9,140,6.7,142,-0.8,170,1.6,92,400,185,257,"OVC","Elam Center","",2021,-86.8077515,36.1660646
"UNC Asheville","BSth",3.3,142,-1.6,244,7.8,83,-0.9,153,1.7,67,2100,29,295,"BSth","Kimmel Arena","",2021,-82.5688412,35.6180967
"Arkansas St.","SB",3.3,143,-3.2,109,4.8,249,-1.3,89,1.9,42,300,210,96,"SB","First National Bank Arena","",2021,-90.670336,35.845407
"Western Carolina","SC",3.3,144,-2.8,147,5.5,215,-1,143,0.9,242,2100,29,148,"SC","Ramsey Center","",2021,-83.3714103,33.937632
"Villanova","BE",3.2,145,-2.8,150,7.4,111,-1.4,64,0.6,303,400,185,181,"BE","Finneran Pavilion","Wells Fargo Center (20,478)",2021,-75.3366741,40.0345318
"Grand Canyon","WAC",3.2,146,-2.5,178,6.6,149,-0.9,149,1.4,129,1100,48,171,"WAC","GCU Arena","",2021,-112.1286043,33.5097451
"Kent St.","MAC",3.2,147,-3,129,6.5,162,-0.8,179,0.7,293,1200,43,188,"MAC","Memorial Athletic & Convocation Center","",2021,-95.6080567,29.7721589
"Rhode Island","A10",3.2,148,-3.4,90,3.4,307,-1.1,123,2.5,8,100,259,149,"A10","Ryan Center","",2021,-71.5357485,41.4877684
"Georgia Tech","ACC",3.2,149,-3.3,99,5.6,211,-1,141,0.7,279,900,68,122,"ACC","McCamish Pavilion","",2021,-84.3927766,33.7808132
"Milwaukee","Horz",3.2,150,-3.4,96,4.2,287,-1.7,41,1,227,600,137,71,"Horz","UWM Panther Arena","",2021,-87.9168359,43.0422275
"Saint Joseph's","A10",3.2,151,-3.7,66,3.9,296,-2,15,0.6,312,300,210,258,"A10","Hagan Arena","",2021,-75.2350576,39.995661
"Hampton","BSth",3.2,152,-3.2,109,5.5,217,-1.5,59,1.1,215,0,308,164,"BSth","Hampton Convocation Center","",2021,-76.331,37.0199
"Toledo","MAC",3.2,153,-3.1,118,6.6,151,-1.1,117,0.3,337,600,137,158,"MAC","Savage Arena","",2021,-83.6091373,41.6602888
"East Carolina","Amer",3.2,154,-3.1,120,7.8,83,0.2,332,1.1,202,100,259,139,"Amer","Williams Arena at Minges Coliseum","",2021,-77.3669814,35.5974775
"Murray St.","OVC",3.2,155,-2.5,175,7.5,99,-1.1,119,0.8,253,500,166,122,"OVC","CFSB Center","",2021,-88.3200035,36.6226978
"Loyola Chicago","MVC",3.2,156,-3.2,109,7.2,113,-0.4,252,0.4,327,600,137,252,"MVC","Gentile Arena","",2021,-87.6590789,42.0006345
"Fresno St.","MWC",3.2,157,-3.8,56,4.8,249,-0.4,256,1.1,208,300,210,21,"MWC","Save Mart Center","",2021,-119.7385051,36.8099385
"Xavier","BE",3.2,158,-3,129,5.3,232,-1.9,21,0.6,311,600,137,88,"BE","Cintas Center","",2021,-84.4718639,39.1503722
"Georgia Southern","SB",3.2,159,-2.7,160,6.2,179,-0.4,252,2.1,20,200,232,254,"SB","Hanner Fieldhouse","",2021,-81.7792142,32.4276436
"Butler","BE",3.2,160,-2.8,152,7.2,119,-0.2,295,1.2,183,800,91,110,"BE","Hinkle Fieldhouse","",2021,-86.1673075,39.8435575
"Binghamton","AE",3.2,161,-2.6,172,6.6,151,-1.4,69,0.7,284,900,68,220,"AE","Events Center","",2021,-95.9773919,36.206646
"Providence","BE",3.2,162,-3.2,116,4.9,245,-1.1,119,1.7,70,0,308,53,"BE","Dunkin' Donuts Center","",2021,-71.4179556,41.8236281
"Illinois","B10",3.2,163,-2.4,182,6.7,144,-1.1,129,1.1,202,800,91,22,"B10","State Farm Center","",2021,-88.2358984,40.0961996
"Temple","Amer",3.2,164,-1.7,238,7.4,108,-2,16,1.7,67,100,259,89,"Amer","The Liacouras Center","",2021,-75.1585516,39.9798691
"IUPUI","Horz",3.2,165,-2.8,148,5.7,203,-1.1,129,1.1,202,700,113,178,"Horz","Indiana Farmers Coliseum","",2021,-86.1351327,39.8278349
"Charleston","CAA",3.1,166,-2.2,194,7.5,106,-1,135,1.4,119,0,308,222,"CAA","TD Arena","",2021,-79.9342186,32.7853327
"Houston","Amer",3.1,167,-2.3,191,7,126,-1.2,106,1.5,113,0,308,170,"Amer","Fertitta Center","",2021,-95.3469221,29.7246943
"Georgetown","BE",3.1,168,-3.5,81,5.8,199,-0.6,213,0.7,289,0,308,326,"BE","McDonough Arena","",2021,-77.0775268,38.9077027
"Detroit","Horz",3.1,169,-3.1,120,5,242,-1.3,92,0.8,266,600,137,135,"Horz","Calihan Hall","",2021,-83.1360608,42.4143679
"Rice","CUSA",3.1,170,-2.9,142,5.7,209,-1.5,57,0.9,246,0,308,218,"CUSA","Tudor Fieldhouse","",2021,-95.4038942,29.7152585
"USC Upstate","BSth",3.1,171,-3.1,118,5,239,-0.5,230,0.9,246,900,68,357,"BSth","Hodge Center","",2021,-74.0088503,41.9305386
"Montana","BSky",3.1,172,-2.3,187,4.4,277,-0.3,262,1.1,202,3200,20,157,"BSky","Dahlberg Arena","",2021,-113.9833389,46.8640171
"Jackson St.","SWAC",3.1,173,-2.2,196,7,130,-0.9,153,1.3,152,300,210,139,"SWAC","Williams Center","",2021,-95.9921035,36.1539421
"Green Bay","Horz",3.1,174,-3.3,103,6.4,169,0,311,0.4,326,600,137,99,"Horz","Resch Center","Kress Events Center (4,018)",2021,-88.0550778,44.4994194
"Youngstown St.","Horz",3.1,175,-3.5,83,4.4,275,-1,135,0.1,348,1000,58,186,"Horz","Beeghly Center","",2021,-80.6487927,41.1081897
"Vanderbilt","SEC",3.1,176,-3.5,86,4.9,248,0,319,1.1,208,500,166,38,"SEC","Memorial Gym","",2021,-78.5071603,38.0374683
"Virginia","ACC",3.1,177,-3.4,90,3.8,299,-0.8,183,1,221,500,166,36,"ACC","John Paul Jones Arena","",2021,-78.5067583,38.0459528
"Southeast Missouri St.","OVC",3.1,178,-2.5,175,5.8,202,-0.7,210,1.4,126,500,166,171,"OVC","Show Me Center","",2021,-89.5273982,37.3199621
"Norfolk St.","MEAC",3,179,-2.3,188,6.2,179,-1.1,117,1.4,132,0,308,189,"MEAC","Echols Hall","",2021,-76.2581645,36.8479613
"Winthrop","BSth",3,180,-2.5,179,5.4,225,-1.2,96,1.1,219,700,113,192,"BSth","Winthrop Coliseum","",2021,-81.0149285,34.9481381
"South Florida","Amer",3,181,-2.9,137,5.3,228,-0.7,197,1.1,191,100,259,82,"Amer","Yuengling Center","",2021,-82.4059454,28.0588951
"Cal Baptist","WAC",3,182,-2.3,186,5.7,206,-1,147,1.1,200,800,91,226,"WAC","CBU Events Center","",2021,-117.4223116,33.9268345
"Holy Cross","Pat",3,183,-3.1,125,4.4,279,-0.3,277,1.4,149,700,113,278,"Pat","Hart Center","",2021,-77.044513,39.8685059
"Bethune Cookman","MEAC",3,184,-1.3,276,8.4,65,-1.1,114,1.6,79,0,308,310,"MEAC","Moore Gym","",2021,-97.4983285,35.3214522
"Bowling Green","MAC",3,185,-2.9,142,3.5,302,-1.2,96,1.4,132,700,113,255,"MAC","Stroh Center","",2021,-83.6262187,41.3752336
"Notre Dame","ACC",3,186,-2.2,197,6.1,186,-0.5,232,1.6,84,700,113,107,"ACC","Joyce Center","",2021,-86.2312802,41.6972362
"Mercer","SC",3,187,-2.5,174,4.8,249,-1,141,1.4,119,500,166,295,"SC","Hawkins Arena","",2021,-83.6518573,32.8288941
"Fordham","A10",3,188,-2.9,135,2,336,-2.5,3,1.5,103,100,259,295,"A10","Rose Hill Gym","",2021,-73.8837651,40.862211
"Kennesaw St.","ASun",3,189,-1.4,264,6.6,150,-1.6,53,1.3,158,1100,48,245,"ASun","KSU Convocation Center","",2021,-84.5803692,34.0368592
"Louisiana","SB",3,190,-2.4,185,7,131,-0.2,286,1.4,142,0,308,54,"SB","Cajundome","",2021,-92.0375595,30.2179165
"Abilene Christian","Slnd",3,191,-0.5,330,6.2,182,-1.9,25,2.3,12,1700,34,353,"Slnd","Teague Special Events Center","",2021,-99.7083714,32.4712266
"Duquesne","A10",3,192,-2.8,150,4,291,-0.9,167,1.3,152,800,91,283,"A10","UPMC Cooper Fieldhouse","",2021,-79.9878666,40.4373526
"Northwestern","B10",3,193,-2.7,164,4.9,246,-0.9,160,1,221,600,137,169,"B10","Welsh-Ryan Arena","",2021,-87.6924667,42.0668144
"Southern Utah","BSky",3,194,-0.9,312,4,294,-0.5,237,1.1,191,5800,4,214,"BSky","America First Event Center","",2021,-113.0729248,37.6755314
"Texas A&M Corpus Chris","Slnd",3,195,-2.5,179,5.7,208,-0.9,160,1.3,154,0,308,125,"Slnd","American Bank Center","",2021,-97.3937165,27.8084147
"Idaho St.","BSky",3,196,-1.5,258,4.5,266,0.6,341,1.5,116,4600,15,139,"BSky","Holt Arena","Reed Gym (3,141)",2021,-112.4286111,42.87
"Little Rock","SB",3,197,-2.9,135,6.5,158,-0.2,291,0.3,333,300,210,207,"SB","Stephens Center","",2021,-95.954051,41.205397
"Maryland Eastern Shore","MEAC",3,198,-2.5,175,6.7,146,-0.3,262,1,231,0,308,209,"MEAC","Hytche Athletic Center","",2021,-75.6872167,38.211371
"Siena","MAAC",3,199,-2,211,6.9,136,-1.4,79,0.8,264,100,259,138,"MAAC","Times Union Center","",2021,-73.7548781,42.6486097
"McNeese St.","Slnd",3,200,-2.6,171,5.6,213,-0.2,294,1.7,63,0,308,258,"Slnd","H&HP Complex","",2021,-96.1860826,37.1265606
"Long Beach St.","BW",3,201,-2.1,200,7.4,111,0.3,333,1.8,58,0,308,258,"BW","The Walter Pyramid","",2021,-118.1143892,33.7873979
"Drexel","CAA",3,202,-2.4,182,6.4,166,-0.3,275,1.3,160,100,259,324,"CAA","Daskalakis Athletic Center","",2021,-75.1909893,39.9562282
"Richmond","A10",3,203,-2.6,172,6.8,141,-0.9,164,0.2,344,200,232,163,"A10","Robins Center","",2021,-77.5387725,37.5806023
"VMI","SC",3,204,-1.8,231,6.4,166,-0.3,262,1.6,75,1000,58,229,"SC","Cameron Hall","",2021,-80.731232,35.3076746
"Ball St.","MAC",3,205,-2.9,142,4.5,266,-1,148,0.4,327,900,68,64,"MAC","Worthen Arena","",2021,-85.4061432,40.2070669
"North Alabama","ASun",3,206,-1.9,221,6,188,-0.8,182,1.4,128,600,137,266,"ASun","Flowers Hall","",2021,-87.6837689,34.8084699
"Florida A&M","MEAC",3,207,-1.9,214,6.5,154,-1.4,64,0.8,264,100,259,113,"MEAC","Lawson Center","",2021,-79.3927201,42.1606241
"Campbell","BSth",3,208,-2.9,142,4.4,279,-1.2,103,0.7,289,200,232,306,"BSth","Pope Convocation Center","",2021,-78.7367859,35.4078789
"Northern Illinois","MAC",3,209,-1.7,236,5.3,230,-1.4,64,1.4,132,900,68,110,"MAC","Convocation Center","",2021,-88.7853088,41.9355125
"Chicago St.","WAC",2.9,210,-2.8,153,2.3,328,-1.9,23,1.3,160,600,137,231,"WAC","Jones Convocation Center","",2021,-87.6084284,41.7165542
"Cal St. Bakersfield","BW",2.9,211,-1.8,230,5.3,231,-2,13,1.1,214,400,185,276,"BW","Icardo Center","",2021,-119.1026237,35.3475589
"Pittsburgh","ACC",2.9,212,-2.3,191,4.2,284,-0.6,220,1.7,70,1100,48,49,"ACC","Petersen Events Center","",2021,-79.9622834,40.4438281
"Appalachian St.","SB",2.9,213,-0.7,323,6.3,172,-0.5,244,1.5,108,3200,20,134,"SB","Holmes Center","",2021,-93.244825,44.970411
"Albany","AE",2.9,214,-2.9,140,4.6,262,-1.3,93,0.4,330,200,232,246,"AE","SEFCU Arena","",2021,-73.8283517,42.6820067
"James Madison","CAA",2.9,215,-1.9,220,3,315,-1.5,60,2,31,1400,38,125,"CAA","Atlantic Union Bank Center","",2021,-78.8595503,38.430443
"SIU Edwardsville","OVC",2.9,216,-1.4,267,6.5,157,-0.5,236,2.1,18,500,166,266,"OVC","Vadalabene Center","",2021,-90.0000974,38.7958672
"North Dakota","Sum",2.9,217,-1.4,271,7.2,113,-0.9,160,1.2,183,800,91,308,"Sum","Betty Engelstad Sioux Center","",2021,-97.0714417,47.9275954
"Purdue Fort Wayne","Horz",2.9,218,-2.1,201,7.2,113,-0.4,260,0.3,333,800,91,57,"Horz","Allen County War Memorial Coliseum","Gates Sports Center (1,800)",2021,-85.1241302,41.1156654
"Chattanooga","SC",2.9,219,-1.9,214,5.5,219,-0.2,286,1.9,37,700,113,70,"SC","McKenzie Arena","",2021,-85.3009161,35.0503272
"Boston College","ACC",2.9,220,-2.1,204,5.7,210,-1.1,129,1.1,212,200,232,121,"ACC","Conte Forum","",2021,-71.1677912,42.3356045
"Southeastern Louisiana","Slnd",2.9,221,-1.7,233,6.8,140,-0.2,286,1.7,63,100,259,153,"Slnd","University Center","",2021,-97.068755,36.736796
"Gonzaga","WCC",2.9,222,-1.1,298,6.2,179,-1.4,79,0.7,284,1900,32,195,"WCC","McCarthey Athletic Center","",2021,-117.3991832,47.6653928
"Nicholls St.","Slnd",2.9,223,-1.2,288,9.2,43,-0.7,197,0.7,295,0,308,277,"Slnd","Stopher Gym","",2021,-90.8013387,29.7923204
"Northwestern St.","Slnd",2.9,224,-2.1,204,4.6,262,-1.7,48,1.2,183,100,259,278,"Slnd","Prather Coliseum","",2021,-93.0951659,31.7440628
"Wofford","SC",2.9,225,-1.6,250,5.9,193,-0.6,213,1.6,84,800,91,291,"SC","Richardson Indoor Stadium","",2021,-81.9336288,34.9634256
"Bucknell","Pat",2.9,226,-1.4,262,6.8,138,-1.8,38,0.5,320,500,166,266,"Pat","Sojka Pavilion","",2021,-76.8868827,40.9568332
"Central Michigan","MAC",2.9,227,-1.7,238,6,192,-1.2,106,0.9,250,800,91,214,"MAC","McGuirk Arena","",2021,-84.7740485,43.5814982
"William & Mary","CAA",2.9,228,-1.3,283,5.8,199,-0.4,256,2.8,1,100,259,122,"CAA","Kaplan Arena","",2021,-76.719721,37.2734779
"Jacksonville St.","OVC",2.9,229,-3.3,97,1.8,340,-0.5,232,1.2,172,700,113,283,"OVC","Mathews Coliseum","",2021,-85.7735038,33.8241586
"Tennessee St.","OVC",2.9,230,-2.1,203,4.7,260,-0.8,186,1.4,140,500,166,78,"OVC","Gentry Center","",2021,-86.8292694,36.1691399
"FIU","CUSA",2.9,231,-2.3,189,6.2,183,0.1,325,1.2,169,0,308,231,"CUSA","Ocean Bank Convocation Center","",2021,-80.3795409,25.7569257
"George Mason","A10",2.9,232,-4.1,32,0.2,353,-1.3,93,0.3,336,400,185,147,"A10","EagleBank Arena","",2021,-77.3096186,38.8268068
"Sacramento St.","BSky",2.8,233,-1.6,248,7.1,122,0.4,339,2,26,0,308,352,"BSky","The Nest","",2021,-97.4313354,38.1388854
"Tennessee Tech","OVC",2.8,234,-1.4,264,4.9,246,-0.3,262,2.2,17,1100,48,93,"OVC","Eblen Center","",2021,-85.5092457,36.178333
"Samford","SC",2.8,235,-1.8,228,7.1,122,-0.3,275,0.5,319,700,113,231,"SC","Hanna Center","",2021,-86.8748755,40.4281901
"UMKC","Sum",2.8,236,-1.4,263,6.4,169,-0.9,153,0.8,253,900,68,347,"Sum","Swinney Recreation Center","Municipal Auditorium (9,827)",2021,-94.5787668,39.0352714
"Idaho","BSky",2.8,237,-1.3,276,4.7,257,-1,143,0.8,266,2600,24,171,"BSky","Cowan Spectrum","",2021,-117.0172222,46.7263889
"Incarnate Word","Slnd",2.8,238,-0.9,313,6.4,164,-0.9,157,1.8,54,700,113,338,"Slnd","McDermott Convocation Center","",2021,-98.4694139,29.4681469
"Alabama St.","SWAC",2.8,239,-2.3,191,3.7,300,-0.8,189,1.5,103,300,210,155,"SWAC","Dunn-Oliver Acadome","",2021,-86.2931585,32.361776
"Troy","SB",2.8,240,-1.8,224,4.5,269,-0.5,230,1.8,54,500,166,209,"SB","Trojan Arena","",2021,-85.9523887,31.8022455
"Eastern Illinois","OVC",2.8,241,-2.2,194,4,291,-0.6,220,1.2,182,700,113,214,"OVC","Lantz Arena","",2021,-88.1795115,39.4802475
"UT Rio Grande Valley","WAC",2.8,242,-1.6,244,5.7,205,-0.5,244,1.6,84,100,259,266,"WAC","UTRGV Fieldhouse","",2021,-98.1698007,26.3067326
"East Tennessee St.","SC",2.8,243,-1.7,237,3.1,314,-0.6,227,1.9,44,1700,34,181,"SC","Freedom Hall Civic Center","",2021,-82.3748699,36.3243351
"Morgan St.","MEAC",2.8,244,-1.9,216,6.2,177,0.1,329,1.1,191,200,232,247,"MEAC","Hill Field House","",2021,-76.5852961,39.342424
"Morehead St.","OVC",2.8,245,-1.2,294,5.7,203,-0.1,298,2,28,800,91,181,"OVC","Johnson Arena","",2021,-83.4256489,38.19008
"Manhattan","MAAC",2.8,246,-1.4,267,7.4,109,-1.2,111,0.2,346,100,259,326,"MAAC","Draddy Gymnasium","",2021,-73.9002497,40.89078
"Western Illinois","Sum",2.8,247,-1.7,233,6.9,133,-0.3,271,0.3,337,600,137,221,"Sum","Western Hall","",2021,-90.6850172,40.4714189
"Northern Kentucky","Horz",2.8,248,-1.7,238,5.3,228,-0.4,260,1.2,183,800,91,103,"Horz","BB&T Arena","",2021,-94.5746182,38.9728011
"Belmont","OVC",2.8,249,-1.9,217,5.9,195,-0.1,302,0.8,276,600,137,231,"OVC","Curb Event Center","",2021,-86.7946203,36.132293
"San Jose St.","MWC",2.8,250,-0.6,328,10.3,18,-0.1,308,0.7,284,100,259,231,"MWC","Provident Credit Union Event Center","",2021,-121.8800984,37.3352087
"Sam Houston St.","Slnd",2.8,251,-1.5,255,4.7,257,-0.7,197,1.7,61,400,185,191,"Slnd","Johnson Coliseum","",2021,-95.5462167,30.712925
"North Florida","ASun",2.7,252,-0.9,308,8.1,73,-0.6,220,1,235,0,308,201,"ASun","UNF Arena","",2021,-81.5079346,30.2734356
"Saint Mary's","WCC",2.7,253,-1.3,283,4.3,283,-1.3,89,1.6,75,600,137,283,"WCC","University Credit Union Pavilion","",2021,-122.1064498,37.8412834
"Northern Colorado","BSky",2.7,254,-1.1,302,1.6,344,-0.1,298,1.6,84,4800,10,315,"BSky","Bank of Colorado Arena","",2021,-104.7030436,40.4022171
"Cleveland St.","Horz",2.7,255,-1.6,242,5,241,-0.5,237,1.1,191,700,113,125,"Horz","Wolstein Center","",2021,-81.6763705,41.4996733
"Tulane","Amer",2.7,256,-2.7,162,1.6,346,-1.5,60,1.1,202,0,308,278,"Amer","Fogelman Arena","",2021,-90.1208204,29.939013
"DePaul","BE",2.7,257,-2.1,204,3.3,310,-1.1,119,1,231,600,137,83,"BE","Wintrust Arena","",2021,-87.6216812,41.8541526
"South Dakota","Sum",2.7,258,-0.9,311,7,126,-0.1,308,1,221,1200,43,195,"Sum","Sanford Coyote Sports Center","",2021,-96.9278691,42.7900993
"Austin Peay","OVC",2.7,259,-1.3,276,6,191,-1.1,123,0.6,306,500,166,161,"OVC","Winfield Dunn Center","",2021,-87.3566842,36.5363156
"St. Francis PA","NEC",2.7,260,-1.6,253,2.7,320,-0.6,225,1.7,70,1900,32,283,"NEC","DeGol Arena","",2021,-78.6373747,40.5062359
"Alcorn St.","SWAC",2.7,261,-1.4,264,8.3,66,1.1,352,1,235,300,210,171,"SWAC","Whitney Complex","",2021,-81.0503899,32.066784
"Loyola MD","Pat",2.7,262,-1.8,225,5.4,222,0.1,322,1.3,166,300,210,333,"Pat","Reitz Arena","",2021,-76.6185933,39.3467998
"Alabama A&M","SWAC",2.7,263,-1.3,286,5.8,196,-0.3,262,1.2,179,700,113,195,"SWAC","Elmore Gymnasium","",2021,-86.5750892,34.7849429
"Hawaii","BW",2.7,264,-2.2,197,5.5,217,0,314,0.6,306,0,308,84,"BW","Stan Sheriff Center","",2021,-157.8189199,21.2942686
"Towson","CAA",2.7,265,-2.6,168,2.2,329,-0.5,244,1.1,201,400,185,219,"CAA","SECU Arena","",2021,-76.6171613,39.3873801
"San Francisco","WCC",2.7,266,-2.5,179,2.5,324,-0.9,157,0.9,239,300,210,258,"WCC","War Memorial at the Sobrato Center","",2021,-122.4495105,37.7768745
"New Orleans","Slnd",2.7,267,-1.4,267,5.5,215,-0.2,281,1.6,84,0,308,118,"Slnd","Lakefront Arena","",2021,-90.0504922,30.0302491
"Delaware","CAA",2.7,268,-1.2,288,5.6,213,-0.3,267,1.6,92,100,259,231,"CAA","Bob Carpenter Center","",2021,-75.7495728,39.6605074
"Southern","SWAC",2.7,269,-1.2,290,5.4,222,-0.6,220,1.5,103,100,259,153,"SWAC","Clark Activity Center","",2021,-91.1855556,30.5219444
"Florida Atlantic","CUSA",2.6,270,-1.4,273,5,239,-0.8,170,1.3,166,0,308,231,"CUSA","FAU Gymnasium","",2021,-80.1028854,26.3742347
"San Diego","WCC",2.6,271,-1.9,222,2.7,321,-0.6,213,1.9,42,200,232,222,"WCC","Jenny Craig Pavilion","",2021,-117.1837806,32.7744376
"Northeastern","CAA",2.6,272,-1.2,290,4,291,-1.6,51,1.5,113,0,308,225,"CAA","Matthews Arena","",2021,-71.0846418,42.3410767
"Portland St.","BSky",2.6,273,-0.5,330,7,129,-0.8,179,1.4,149,200,232,307,"BSky","Viking Pavilion","",2021,-122.6863165,45.5108772
"Lehigh","Pat",2.6,274,-1.8,225,4.7,253,-0.4,258,0.8,258,300,210,207,"Pat","Stabler Arena","",2021,-75.357392,40.585324
"Prairie View A&M","SWAC",2.6,275,-1.3,276,6.9,133,0,314,0.6,312,300,210,283,"SWAC","William Nicks Building","",2021,-95.9930554,30.0922526
"Texas St.","SB",2.6,276,-2,211,3.8,298,-0.5,237,0.5,314,700,113,164,"SB","Strahan Coliseum","",2021,-97.9326085,29.8886679
"Nebraska Omaha","Sum",2.6,277,-1.7,233,3.2,312,-1.3,87,0.3,331,1000,58,146,"Sum","Baxter Arena","",2021,-96.012948,41.236186
"Eastern Washington","BSky",2.6,278,-0.3,337,6,190,0,314,1.1,208,2500,26,231,"BSky","Reese Court","",2021,-96.8116872,32.7342704
"Stony Brook","AE",2.6,279,-2.1,207,2.1,331,-1.4,77,0.9,250,100,259,266,"AE","Island Federal Credit Union Arena","",2021,-73.125975,40.9174143
"Harvard","Ivy",2.6,280,-1.2,295,5.6,211,-0.1,307,1.4,132,0,308,331,"Ivy","Lavietes Pavilion","",2021,-71.1252674,42.368211
"Elon","CAA",2.6,281,-1.9,223,3.4,306,-0.5,244,0.8,272,700,113,222,"CAA","Schar Center","",2021,-79.5108076,36.1080342
"Fairfield","MAAC",2.6,282,-1.5,255,6.5,155,0.1,325,0.3,337,0,308,328,"MAAC","Alumni Hall","Webster Bank Arena (10,000)",2021,-94.1462854,36.1132368
"Oakland","Horz",2.6,283,-1.7,238,1.8,342,-1.7,41,0.8,266,900,68,310,"Horz","Athletics Center O'Rena","",2021,-83.2129533,42.6740472
"Monmouth","MAAC",2.6,284,-1.3,281,6.2,177,-0.5,237,0.3,333,0,308,263,"MAAC","OceanFirst Bank Center","",2021,-74.0078846,40.2791393
"Delaware St.","MEAC",2.5,285,-1.2,295,5.2,233,-0.7,195,0.8,258,0,308,338,"MEAC","Memorial Hall","",2021,-95.7059842,37.2272128
"Pepperdine","WCC",2.5,286,-1.9,217,4.6,265,0.8,348,1,231,300,210,305,"WCC","Firestone Fieldhouse","",2021,-118.7096946,34.0385192
"Brown","Ivy",2.5,287,-1.8,231,2.4,325,-0.6,213,1.6,97,100,259,317,"Ivy","Pizzitola Sports Center","",2021,-71.3980885,41.8316983
"Wagner","NEC",2.5,288,-1.1,299,4.7,259,0,314,1.6,79,200,232,333,"NEC","Spiro Sports Center","",2021,-74.095729,40.6149664
"Mississippi Valley St.","SWAC",2.5,289,-0.9,309,5.5,219,-0.4,258,1.2,174,100,259,319,"SWAC","Harrison Complex","",2021,-78.8693999,38.4248148
"Presbyterian","BSth",2.5,290,-1.4,267,4,289,-0.8,170,0.5,320,700,113,330,"BSth","Templeton P.E. Center","",2021,-81.8689853,34.4650766
"High Point","BSth",2.5,291,-0.6,328,4.7,260,-0.3,277,1.8,51,900,68,345,"BSth","Millis Athletic and Convocation Center","",2021,-79.9960005,35.9711065
"Howard","MEAC",2.5,292,-0.9,309,4.7,253,-1.4,79,0.7,279,100,259,319,"MEAC","Burr Arena","",2021,-77.022094,38.9263793
"Illinois Chicago","Horz",2.5,293,-1.6,250,3.9,296,-0.9,153,0.2,345,600,137,139,"Horz","Credit Union 1 Arena","",2021,-87.6562537,41.8748298
"Mount St. Mary's","NEC",2.5,294,-0.8,318,4.4,277,-0.5,237,1.6,97,500,166,303,"NEC","Knott Arena","",2021,-77.3462448,39.6796264
"South Alabama","SB",2.5,295,-1.3,283,7.2,116,1.1,353,0.6,299,200,232,97,"SB","Mitchell Center","",2021,-88.1796795,30.6922759
"American","Pat",2.5,296,-1.5,259,4,289,-0.1,308,1,229,400,185,316,"Pat","Bender Arena","",2021,-77.0900574,38.9378166
"Lipscomb","ASun",2.5,297,-1.6,242,4.5,272,-0.1,302,0.2,342,600,137,230,"ASun","Allen Arena","",2021,-86.798965,36.1036206
"Texas Southern","SWAC",2.5,298,-0.1,341,9.2,42,0.6,341,0.8,258,0,308,136,"SWAC","Health & PE Arena","",2021,-95.6491717,37.0360336
"Army","Pat",2.5,299,-0.7,322,4.9,244,-0.3,267,1.4,119,400,185,228,"Pat","Christl Arena","",2021,-73.9655587,41.3862939
"New Hampshire","AE",2.5,300,-1.6,253,3.3,310,-0.1,298,1.4,119,100,259,310,"AE","Lundholm Gymnasium","",2021,-70.9375613,43.1388127
"Arkansas Pine Bluff","SWAC",2.5,301,-0.6,325,5.8,196,-1.2,106,0.4,327,200,232,247,"SWAC","Clemmons Arena","",2021,-92.0239627,34.2460059
"Gardner Webb","BSth",2.5,302,-1.1,303,4.8,249,0.2,331,1.1,215,800,91,283,"BSth","Paul Porter Arena","",2021,-81.6695574,35.2465436
"Santa Clara","WCC",2.5,303,-1.5,259,2,335,-1.1,114,1.4,142,100,259,247,"WCC","Leavey Center","",2021,-121.9352222,37.3493059
"Liberty","ASun",2.5,304,-2,210,1.8,341,-0.8,176,0.2,341,900,68,125,"ASun","Vines Center","",2021,-79.1810641,37.348916
"Pacific","WCC",2.5,305,-1,305,3.5,305,-0.9,164,1.4,119,0,308,190,"WCC","Spanos Center","",2021,-121.3151352,37.9767312
"Bryant","NEC",2.4,306,-1,307,4.3,281,-0.3,267,1.1,202,400,185,323,"NEC","Chace Athletic Center","",2021,-71.5394146,41.9211855
"Saint Peter's","MAAC",2.4,307,-1.8,225,4.2,284,-0.2,281,0.1,348,100,259,295,"MAAC","Yanitelli Center","",2021,-74.073102,40.7277258
"Merrimack","NEC",2.4,308,-1,306,3,318,-0.8,185,1.6,74,200,232,350,"NEC","Hammel Court","",2021,-71.119685,42.6677273
"Cal St. Northridge","BW",2.4,309,-1.3,274,1.6,344,-0.2,284,1.9,44,900,68,347,"BW","Matadome","",2021,-118.5259044,34.2419495
"Quinnipiac","MAAC",2.4,310,-0.2,340,6.3,174,-0.3,277,1.2,174,400,185,294,"MAAC","People's United Center","",2021,-72.9111955,41.4138376
"Eastern Kentucky","OVC",2.4,311,-1.6,244,1.9,339,-0.5,243,0.8,266,1000,58,181,"OVC","McBrayer Arena","",2021,-84.3012724,37.7373512
"Maine","AE",2.4,312,-1.5,259,3.5,303,-0.5,244,0.6,299,100,259,201,"AE","Cross Insurance Center","",2021,-68.77929,44.788802
"Vermont","AE",2.4,313,-1.3,274,2.6,323,-1.2,96,0.5,317,400,185,293,"AE","Patrick Gymnasium","",2021,-73.1948048,44.4705972
"Penn","Ivy",2.4,314,-1.6,250,4.2,284,0.6,343,0.9,250,0,308,120,"Ivy","The Palestra","",2021,-75.1887032,39.9513911
"UC Davis","BW",2.4,315,-1.3,276,5.4,224,0.3,334,0.3,340,100,259,168,"BW","The Pavilion","",2021,-94.2033464,36.0499768
"St. Francis NY","NEC",2.4,316,-0.9,313,3.9,295,-0.5,237,1.1,208,100,259,350,"NEC","Pope P.E. Center","",2021,-73.9921652,40.6932301
"UC Santa Barbara","BW",2.4,317,-1.1,301,4.4,276,0.6,345,1.3,160,100,259,195,"BW","Thunderdome","",2021,-122.4839679,47.2075393
"Rider","MAAC",2.3,318,-0.8,317,4.6,262,-0.6,225,0.5,320,100,259,346,"MAAC","Alumni Gymnasium","",2021,-74.7353334,40.2791449
"UC Irvine","BW",2.3,319,-0.6,326,4.7,255,0.4,337,1.6,84,100,259,231,"BW","Bren Events Center","",2021,-117.8470627,33.6493863
"Robert Morris","Horz",2.3,320,-0.8,318,1.9,337,-0.2,284,1.5,108,1200,43,266,"Horz","UPMC Events Center","",2021,-80.214937,40.5202494
"Cal Poly","BW",2.3,321,-1.5,255,2.6,322,0,320,0.7,289,300,210,309,"BW","Mott Gymnasium","",2021,-120.6587313,35.2987292
"Central Connecticut","NEC",2.3,322,-0.2,339,3,315,-1.2,103,1.8,58,100,259,295,"NEC","Detrick Gymnasium","",2021,-72.7651572,41.6932347
"Stetson","ASun",2.3,323,0.2,348,7.6,96,0.9,350,1.4,142,100,259,266,"ASun","Edmunds Center","",2021,-81.3018584,29.0395387
"Lafayette","Pat",2.3,324,-0.8,320,4.5,269,-0.2,291,0.5,314,300,210,283,"Pat","Kirby Sports Center","",2021,-75.209704,40.7018683
"UMBC","AE",2.3,325,-1.3,281,2.3,326,-0.8,189,0.6,306,200,232,244,"AE","UMBC Event Center","",2021,-76.707431,39.2523419
"Sacred Heart","NEC",2.3,326,-1.2,290,2.3,327,0.1,329,1.5,108,300,210,333,"NEC","Pitt Center","",2021,-73.2448442,41.2198272
"Radford","BSth",2.3,327,-1.6,247,0.4,352,0,318,0.8,276,1700,34,295,"BSth","Dedmon Center","",2021,-80.5418072,37.1385478
"Iona","MAAC",2.3,328,-1.2,290,1.7,343,-1.3,91,0.6,299,0,308,322,"MAAC","Hynes Athletics Center","",2021,-73.7856802,40.9260678
"Niagara","MAAC",2.3,329,0.1,345,5.4,225,-0.8,189,0.5,320,600,137,329,"MAAC","Gallagher Center","",2021,-79.0380159,43.1374081
"Coppin St.","MEAC",2.3,330,-1.2,295,2.9,319,0.1,325,0.9,246,200,232,263,"MEAC","Physical Education Complex","",2021,-76.6571351,39.3153798
"Hofstra","CAA",2.3,331,-0.7,324,2.2,330,-1.8,38,0.7,295,100,259,227,"CAA","Mack Sports Complex","",2021,-73.5968484,40.7197192
"Colgate","Pat",2.2,332,-0.9,313,3.3,308,0.6,343,0.8,272,1100,48,344,"Pat","Cotterell Court","",2021,-75.5427254,42.8153293
"UC Riverside","BW",2.2,333,-0.4,334,3.5,303,0.1,321,0.8,276,1100,48,318,"BW","SRC Arena","",2021,-76.195174,43.006263
"UMass Lowell","AE",2.2,334,-1.3,287,0.7,349,-1,140,0.7,283,100,259,333,"AE","Costello Athletic Center","Tsongas Center (6,111)",2021,-71.3240756,42.6555387
"Jacksonville","ASun",2.2,335,-0.4,333,5.2,233,-0.2,291,0.1,347,0,308,349,"ASun","Historic Swisher Gymnasium","",2021,-81.6050911,30.3502321
"Dartmouth","Ivy",2.2,336,-0.4,336,3.5,301,-0.1,305,0.9,244,500,166,333,"Ivy","Leede Arena","",2021,-72.2828307,43.7029999
"Cal St. Fullerton","BW",2.1,337,-0.4,335,4.5,272,0.4,337,0.7,293,200,232,266,"BW","Titan Gym","",2021,-95.9882812,36.0522613
"Portland","WCC",2.1,338,-1,304,1.9,337,-0.6,220,0.3,331,200,232,242,"WCC","Chiles Center","",2021,-122.7284971,45.5750931
"Grambling St.","SWAC",2.1,339,0,343,3.3,309,-0.6,227,1,221,300,210,310,"SWAC","Assembly Center","",2021,-92.7237273,32.5204266
"LIU","NEC",2.1,340,-0.6,326,2.1,332,-0.5,244,1,235,0,308,338,"NEC","Steinberg Wellness Center","",2021,-73.9793049,40.6906465
"Columbia","Ivy",2.1,341,0.1,346,5.1,237,0.8,349,0.9,238,100,259,319,"Ivy","Levien Gymnasium","",2021,-73.9618257,40.810242
"Loyola Marymount","WCC",2.1,342,-0.5,332,3,317,-0.1,302,0.5,314,100,259,262,"WCC","Gersten Pavilion","",2021,-118.4156012,33.9676642
"Princeton","Ivy",2,343,0.3,349,3.1,313,-0.4,252,1.4,142,100,259,177,"Ivy","Jadwin Gymnasium","",2021,-74.6486685,40.3434557
"Longwood","BSth",2,344,0,342,0.5,351,-1.4,84,1.4,142,400,185,342,"BSth","Willett Hall","",2021,-78.3957004,37.2975417
"Marist","MAAC",2,345,0.5,351,4.5,266,-0.3,273,0.8,266,100,259,295,"MAAC","McCann Center","",2021,-73.9353181,41.7173998
"Charleston Southern","BSth",2,346,0,343,4.7,255,-0.3,271,0,351,0,308,356,"BSth","Buccaneer Field House","",2021,-80.0678554,32.9782176
"Hartford","AE",2,347,-0.9,313,2.1,334,-0.1,298,-0.1,352,100,259,282,"AE","Chase Arena","",2021,-122.387715,37.7680466
"Yale","Ivy",1.9,348,0.2,347,4,288,0.6,346,0.7,284,100,259,324,"Ivy","Lee Amphitheater","",2021,-94.3116683,38.9264564
"Cornell","Ivy",1.9,349,1.4,353,5.1,236,0.5,340,1.4,132,900,68,253,"Ivy","Newman Arena","",2021,-76.4764139,42.4458085
"Boston University","Pat",1.8,350,-0.2,338,0.6,350,-0.6,217,0.5,320,0,308,343,"Pat","Case Gym","",2021,-71.1203588,42.3539377
"Canisius","MAAC",1.8,351,-0.8,321,1.1,347,0.7,347,-0.2,353,600,137,332,"MAAC","Koessler Athletic Center","",2021,-78.8575314,42.9209439
"Fairleigh Dickinson","NEC",1.7,352,0.4,350,2.1,333,1.1,351,1.4,119,0,308,338,"NEC","Rothman Center","",2021,-82.643687,27.7634227
"Navy","Pat",1.7,353,0.5,351,1.1,347,-0.9,157,0,350,0,308,204,"Pat","Alumni Hall","",2021,-94.1462854,36.1132368
